dataset,ir,model,condition,seed,ece,brier,auc,pr_auc,f1
pima,1.87,rf,E0_none,0,0.03402777777777777,0.16272008825231482,0.8199141791044775,0.6761372372366429,0.6153846153846154
pima,1.87,rf,E0_none,1,0.022569444444444454,0.16018862123842595,0.8247798507462685,0.6990831290152647,0.6482213438735178
pima,1.87,rf,E0_none,2,0.039203559027777786,0.16367811414930555,0.8151902985074627,0.6908447266532134,0.6390532544378699
pima,1.87,rf,E0_none,3,0.020941840277777797,0.16216670283564816,0.8210970149253732,0.6815944687784178,0.628
pima,1.87,rf,E0_none,4,0.033452690972222233,0.15813087745949075,0.8296380597014925,0.699407268788105,0.6468253968253969
pima,1.87,rf,E0_none,5,0.03255208333333334,0.16286964699074072,0.8202649253731343,0.6752487569780532,0.6411290322580645
pima,1.87,rf,E0_none,6,0.012033420138888872,0.16020589192708334,0.8260522388059702,0.6977609750342899,0.6361829025844931
pima,1.87,rf,E0_none,7,0.03026258680555556,0.15881989655671294,0.826339552238806,0.703215090409829,0.6575342465753424
pima,1.87,rf,E0_none,8,0.0453667534722222,0.16142695674189814,0.8234850746268657,0.6778612648078814,0.6438631790744467
pima,1.87,rf,E0_none,9,0.03068576388888887,0.16628978587962964,0.8116194029850747,0.6701751109852834,0.6257425742574257
pima,1.87,rf,E1_smote,0,0.05028211805555558,0.16577130353009262,0.8201529850746269,0.6687467811927709,0.6473779385171791
pima,1.87,rf,E1_smote,1,0.05311414930555556,0.16615152994791668,0.8196828358208955,0.686283191974837,0.6607460035523979
pima,1.87,rf,E1_smote,2,0.04900173611111109,0.16494484230324072,0.820891791044776,0.6928967178970227,0.6654929577464789
pima,1.87,rf,E1_smote,3,0.05542534722222224,0.1670064742476852,0.8178992537313432,0.671442447968207,0.6642599277978339
pima,1.87,rf,E1_smote,4,0.05192057291666667,0.1635569480613426,0.825108208955224,0.6849645519105727,0.6714542190305206
pima,1.87,rf,E1_smote,5,0.05015190972222224,0.16939814814814813,0.8108283582089553,0.6507344038374895,0.6666666666666666
pima,1.87,rf,E1_smote,6,0.04571397569444442,0.1669335033275463,0.8171902985074626,0.6769459619682511,0.6545454545454545
pima,1.87,rf,E1_smote,7,0.04898003472222224,0.16299442997685185,0.8235,0.7011299605388627,0.6678765880217786
pima,1.87,rf,E1_smote,8,0.044813368055555546,0.16833676938657408,0.8141044776119404,0.6676124130756176,0.6438848920863309
pima,1.87,rf,E1_smote,9,0.056011284722222235,0.171260669849537,0.8075298507462687,0.6659315773961434,0.6499102333931778
pima,1.87,rf,E1_ros,0,0.03479817708333333,0.16445990668402777,0.8193619402985074,0.6660747602426699,0.6541353383458647
pima,1.87,rf,E1_ros,1,0.033192274305555595,0.16443531177662038,0.8191977611940299,0.6762081621650854,0.6492537313432836
pima,1.87,rf,E1_ros,2,0.04787326388888888,0.1606987847222222,0.8255037313432836,0.7028091614895645,0.674074074074074
pima,1.87,rf,E1_ros,3,0.03189019097222223,0.16608931929976853,0.81525,0.6687824051694204,0.6445672191528545
pima,1.87,rf,E1_ros,4,0.055349392361111124,0.16139313874421296,0.825276119402985,0.6945027967596065,0.6836363636363636
pima,1.87,rf,E1_ros,5,0.03319227430555556,0.16320357711226852,0.8210671641791045,0.6803138170716,0.6593001841620626
pima,1.87,rf,E1_ros,6,0.03555772569444445,0.16396945529513887,0.8195932835820895,0.6907889325679584,0.6458715596330276
pima,1.87,rf,E1_ros,7,0.03717447916666666,0.1638009982638889,0.8182873134328359,0.6900468129218532,0.651685393258427
pima,1.87,rf,E1_ros,8,0.039420572916666646,0.16234926576967593,0.8235074626865673,0.6821039642111056,0.6428571428571429
pima,1.87,rf,E1_ros,9,0.0372829861111111,0.16732638888888887,0.8134104477611941,0.6709029124763326,0.6480446927374302
pima,1.87,rf,E1_rus,0,0.09983723958333332,0.17918013961226853,0.8077201492537315,0.6492603966981555,0.6710526315789473
pima,1.87,rf,E1_rus,1,0.10402560763888889,0.17258617259837963,0.8224029850746268,0.672181401063873,0.6862745098039216
pima,1.87,rf,E1_rus,2,0.10523003472222223,0.17411657262731484,0.8220820895522388,0.6987850589940633,0.6600331674958541
pima,1.87,rf,E1_rus,3,0.10194227430555558,0.17753481264467594,0.8132910447761195,0.6659167785114029,0.6804451510333863
pima,1.87,rf,E1_rus,4,0.10148654513888887,0.16864339192708333,0.8324141791044777,0.6986427453175962,0.6841243862520459
pima,1.87,rf,E1_rus,5,0.10047743055555557,0.1742283347800926,0.8193992537313433,0.6891955604610167,0.6818181818181818
pima,1.87,rf,E1_rus,6,0.10913628472222223,0.1786915870949074,0.8139477611940298,0.6800766038558049,0.6517571884984026
pima,1.87,rf,E1_rus,7,0.09546440972222223,0.1697925708912037,0.827544776119403,0.7033825997152787,0.6732348111658456
pima,1.87,rf,E1_rus,8,0.09595269097222223,0.17024206090856484,0.8262835820895522,0.6906132895150663,0.684297520661157
pima,1.87,rf,E1_rus,9,0.09802517361111111,0.17573585792824073,0.8138544776119403,0.6832414333661608,0.6589403973509934
pima,1.87,rf,E2_cw,0,0.039105902777777764,0.1628202763310185,0.8213470149253731,0.6809932494835367,0.6184738955823293
pima,1.87,rf,E2_cw,1,0.03401692708333334,0.16177906177662035,0.8228320895522387,0.6913102819157158,0.6374501992031872
pima,1.87,rf,E2_cw,2,0.02056206597222222,0.16128571686921295,0.8221194029850746,0.6941039371514953,0.6206896551724138
pima,1.87,rf,E2_cw,3,0.03471137152777779,0.16598714192708333,0.8132574626865672,0.6731796923168054,0.6184738955823293
pima,1.87,rf,E2_cw,4,0.03269314236111111,0.15691216362847224,0.8329440298507462,0.6984537217653559,0.6706586826347305
pima,1.87,rf,E2_cw,5,0.03802083333333332,0.16302915219907407,0.8193694029850747,0.6833634146394619,0.631578947368421
pima,1.87,rf,E2_cw,6,0.03649088541666666,0.16255488642939817,0.8203208955223881,0.6869108270778675,0.6290322580645161
pima,1.87,rf,E2_cw,7,0.021343315972222263,0.16217619719328702,0.8199477611940299,0.6901020653671068,0.6387225548902196
pima,1.87,rf,E2_cw,8,0.03784722222222222,0.16343478732638886,0.8195410447761193,0.6715760099436252,0.625
pima,1.87,rf,E2_cw,9,0.039040798611111115,0.1627681929976852,0.8192089552238806,0.6860160130339412,0.6343434343434343
pima,1.87,rf,E3_smote_platt,0,0.03824442495446305,0.17108709584125115,0.8043283582089553,0.6580375555581752,0.5979381443298969
pima,1.87,rf,E3_smote_platt,1,0.03473268824981637,0.16496873304852205,0.8152798507462686,0.673216769410131,0.6629213483146067
pima,1.87,rf,E3_smote_platt,2,0.04192417618230582,0.16490940427978765,0.8129179104477612,0.6796178492246867,0.6338582677165354
pima,1.87,rf,E3_smote_platt,3,0.05232062736482898,0.17099021433860626,0.8049701492537313,0.6253898557282777,0.6135458167330677
pima,1.87,rf,E3_smote_platt,4,0.024316115799084752,0.16495111157248524,0.8142798507462686,0.6746253474496894,0.6459143968871596
pima,1.87,rf,E3_smote_platt,5,0.05569619132765705,0.17116391576833204,0.8045485074626866,0.6530503488783742,0.570230607966457
pima,1.87,rf,E3_smote_platt,6,0.032934098682933455,0.1690580539505994,0.8072910447761195,0.6651683697662087,0.6407766990291263
pima,1.87,rf,E3_smote_platt,7,0.02972515239805843,0.1619433499954519,0.8242611940298508,0.6862335936677044,0.6209677419354839
pima,1.87,rf,E3_smote_platt,8,0.03825031981530164,0.17170554177652209,0.8038805970149254,0.6385573716165951,0.6003976143141153
pima,1.87,rf,E3_smote_platt,9,0.034870329014164994,0.1664355935360616,0.8132276119402986,0.6700946092261079,0.6254826254826255
pima,1.87,rf,E3_smote_iso,0,0.048891829851785,0.17263283239282634,0.8025111940298507,0.6511418491002849,0.633147113594041
pima,1.87,rf,E3_smote_iso,1,0.04945616480984131,0.17144838927727077,0.8030970149253731,0.6681116457496188,0.6136363636363636
pima,1.87,rf,E3_smote_iso,2,0.05014668662453269,0.16885485284141674,0.8055970149253733,0.662744586217396,0.6725978647686833
pima,1.87,rf,E3_smote_iso,3,0.06115944303046063,0.1775772134188469,0.7968395522388059,0.6170287839734098,0.5976095617529881
pima,1.87,rf,E3_smote_iso,4,0.03223566781856613,0.16778413869559702,0.810160447761194,0.6592164423552366,0.6460348162475822
pima,1.87,rf,E3_smote_iso,5,0.03705419464855914,0.17353428122114156,0.8017686567164178,0.635554480289365,0.6312056737588653
pima,1.87,rf,E3_smote_iso,6,0.06731867371120918,0.17208412865470354,0.8062723880597015,0.6551548361016212,0.6517690875232774
pima,1.87,rf,E3_smote_iso,7,0.03176343024259877,0.16439632147335934,0.8155261194029851,0.6664812431415839,0.6480446927374302
pima,1.87,rf,E3_smote_iso,8,0.04154279923712718,0.1748817096566185,0.7985970149253732,0.6203644494715207,0.6234234234234234
pima,1.87,rf,E3_smote_iso,9,0.03933028937218851,0.17280728738792117,0.8048843283582089,0.6388948712716956,0.6168582375478927
pima,1.87,histgb,E0_none,0,0.18411784162070388,0.21627971640963328,0.7856119402985074,0.6402452030302137,0.6027397260273972
pima,1.87,histgb,E0_none,1,0.19265157561066543,0.2181006300889461,0.789582089552239,0.6305266204391098,0.581888246628131
pima,1.87,histgb,E0_none,2,0.19365129177621015,0.22033579768964184,0.7852910447761193,0.6437463330085597,0.5962264150943396
pima,1.87,histgb,E0_none,3,0.17698570400370345,0.21461575090748886,0.789134328358209,0.6353364460769427,0.6212121212121212
pima,1.87,histgb,E0_none,4,0.18123574739514509,0.2097975804656768,0.7996119402985077,0.6509889407663072,0.6153846153846154
pima,1.87,histgb,E0_none,5,0.18275574173109294,0.21133079277195824,0.7890671641791046,0.6327209275505358,0.6127167630057804
pima,1.87,histgb,E0_none,6,0.18286101977464636,0.21544804419696784,0.7919850746268656,0.6325914281400218,0.6026871401151631
pima,1.87,histgb,E0_none,7,0.17979918692959934,0.21054114267731858,0.7878059701492538,0.6351824061376783,0.6097087378640776
pima,1.87,histgb,E0_none,8,0.17996460747538523,0.2142438268366064,0.7894328358208955,0.618791905977157,0.6174757281553398
pima,1.87,histgb,E0_none,9,0.19670135497437097,0.22748571202589932,0.7739253731343284,0.6125965177116548,0.6022727272727273
pima,1.87,histgb,E1_smote,0,0.19595916267727148,0.21997874475677656,0.7984552238805971,0.6425237536029714,0.6335174953959485
pima,1.87,histgb,E1_smote,1,0.18969214105591492,0.22195431190188175,0.7976791044776119,0.6433884951027709,0.6342342342342342
pima,1.87,histgb,E1_smote,2,0.1990465554140019,0.2173295027661352,0.8027313432835821,0.6772066165093203,0.625
pima,1.87,histgb,E1_smote,3,0.1845359262114708,0.2178246963990832,0.7887835820895522,0.6365570124519556,0.6372007366482505
pima,1.87,histgb,E1_smote,4,0.1904495886805037,0.21688456616995824,0.7982985074626866,0.6393143622951316,0.6376811594202898
pima,1.87,histgb,E1_smote,5,0.19708013834684185,0.2218772516137509,0.7916194029850746,0.6275806739609207,0.6357142857142857
pima,1.87,histgb,E1_smote,6,0.2067707067571793,0.22995831293127952,0.7884626865671642,0.6348347650481865,0.6101083032490975
pima,1.87,histgb,E1_smote,7,0.18363374694070356,0.21023649045417803,0.7982014925373134,0.6576777627945388,0.631768953068592
pima,1.87,histgb,E1_smote,8,0.19109534920724736,0.22065560482677013,0.7968358208955224,0.6385197534416831,0.6279491833030852
pima,1.87,histgb,E1_smote,9,0.21934185224259567,0.24088604219935408,0.7760746268656716,0.6268267049016837,0.6079136690647482
pima,1.87,histgb,E1_ros,0,0.20902508713011497,0.22766575197011063,0.7859925373134328,0.6355495168165537,0.5792563600782779
pima,1.87,histgb,E1_ros,1,0.19511223592425225,0.21703447310529755,0.7970074626865671,0.6316453363141697,0.6185185185185185
pima,1.87,histgb,E1_ros,2,0.21487906772963267,0.23081902085015613,0.7854477611940299,0.6443718305289722,0.5932835820895522
pima,1.87,histgb,E1_ros,3,0.19936267458667697,0.22129471564265712,0.7856716417910448,0.6349467192373038,0.6182495344506518
pima,1.87,histgb,E1_ros,4,0.18843186375838353,0.213351194968451,0.8061940298507464,0.6638777295492421,0.6290018832391714
pima,1.87,histgb,E1_ros,5,0.1842025433678593,0.2114959991172143,0.8019179104477612,0.6453342735072174,0.6368715083798883
pima,1.87,histgb,E1_ros,6,0.18592636836477366,0.22221923988499373,0.7894179104477612,0.6353910386207149,0.6259259259259259
pima,1.87,histgb,E1_ros,7,0.18496181303384168,0.21497593529341708,0.7948955223880597,0.6541794515069265,0.6247619047619047
pima,1.87,histgb,E1_ros,8,0.18740507953021346,0.21410245162559327,0.799089552238806,0.6460795483442489,0.6353383458646616
pima,1.87,histgb,E1_ros,9,0.21125351681803015,0.23564626711759018,0.7755223880597015,0.6105645622604967,0.599250936329588
pima,1.87,histgb,E1_rus,0,0.2002509081878071,0.2367678533746892,0.7770597014925373,0.6230156988068043,0.6206896551724138
pima,1.87,histgb,E1_rus,1,0.2002787774964584,0.22804343993717943,0.7872611940298507,0.6320094564199974,0.6447368421052632
pima,1.87,histgb,E1_rus,2,0.218692974829096,0.2437444092361578,0.7758432835820895,0.6282065085102629,0.6266233766233766
pima,1.87,histgb,E1_rus,3,0.21629096285650962,0.2417736577400619,0.7800820895522388,0.6452552165710341,0.6133768352365416
pima,1.87,histgb,E1_rus,4,0.1935075917814572,0.22138585413237213,0.8008656716417911,0.6593853091687756,0.6365159128978225
pima,1.87,histgb,E1_rus,5,0.20063514427382897,0.2340458074633814,0.7870970149253732,0.647583767059471,0.6390728476821192
pima,1.87,histgb,E1_rus,6,0.19318788273554793,0.2313413315773998,0.7880223880597016,0.6414345718167814,0.6418152350081038
pima,1.87,histgb,E1_rus,7,0.2072936494384972,0.23103813974700751,0.7813656716417909,0.6373841426052482,0.6324503311258278
pima,1.87,histgb,E1_rus,8,0.18177479534019486,0.2137827959765535,0.8058656716417909,0.6697720004873635,0.6600660066006601
pima,1.87,histgb,E1_rus,9,0.19849595785183732,0.23275892514809957,0.7835970149253733,0.6474351692866114,0.6345514950166113
pima,1.87,histgb,E2_cw,0,0.17763324417832832,0.21255618612939986,0.7892686567164179,0.6401795796385363,0.6083650190114068
pima,1.87,histgb,E2_cw,1,0.1840087437936983,0.21485755045581859,0.7932910447761193,0.6351844904871977,0.6096654275092936
pima,1.87,histgb,E2_cw,2,0.18125523201621357,0.21556666268354543,0.789962686567164,0.6458090581643224,0.63003663003663
pima,1.87,histgb,E2_cw,3,0.18428345842614177,0.2139721781868573,0.7880970149253732,0.6319133786712489,0.634508348794063
pima,1.87,histgb,E2_cw,4,0.17073922425399546,0.202428016913938,0.8043656716417911,0.6541176902229249,0.651685393258427
pima,1.87,histgb,E2_cw,5,0.18206820567248128,0.2137698132191734,0.7897537313432837,0.6265547539291074,0.6133828996282528
pima,1.87,histgb,E2_cw,6,0.1873323078845201,0.22501051871153557,0.7824776119402985,0.6213016651691994,0.6179159049360147
pima,1.87,histgb,E2_cw,7,0.19417930111742576,0.21981254807552356,0.7798656716417911,0.6285551979024901,0.6182495344506518
pima,1.87,histgb,E2_cw,8,0.17487696041563616,0.21255304775748107,0.7916791044776119,0.6272544835446845,0.6236162361623616
pima,1.87,histgb,E2_cw,9,0.19623211951121952,0.22748628841650062,0.7757462686567165,0.6118279638915949,0.5977859778597786
pima,1.87,histgb,E3_smote_platt,0,0.050451342213527275,0.1778491595319128,0.7837014925373135,0.6461248516402722,0.5347826086956522
pima,1.87,histgb,E3_smote_platt,1,0.04494293080401958,0.17624317152494728,0.7883582089552239,0.6281197452682402,0.568
pima,1.87,histgb,E3_smote_platt,2,0.025105324984237464,0.17347618272095833,0.7919029850746268,0.6531761877644928,0.5860655737704918
pima,1.87,histgb,E3_smote_platt,3,0.03146130338817243,0.1790278117010203,0.7802985074626866,0.6185981757586266,0.5714285714285714
pima,1.87,histgb,E3_smote_platt,4,0.03561467235316082,0.172719755838905,0.7977089552238807,0.6417003224996105,0.6031746031746031
pima,1.87,histgb,E3_smote_platt,5,0.039585063117652856,0.17978537525550953,0.7808582089552238,0.6221345269075663,0.5253863134657837
pima,1.87,histgb,E3_smote_platt,6,0.041796295082472,0.1789365831717311,0.7813059701492537,0.6358539820265101,0.6189555125725339
pima,1.87,histgb,E3_smote_platt,7,0.06154853766733786,0.1736311106209528,0.7919701492537313,0.6514922099735893,0.5649484536082474
pima,1.87,histgb,E3_smote_platt,8,0.03928120409292519,0.17813071420122942,0.7860671641791045,0.6102609658738093,0.5720081135902637
pima,1.87,histgb,E3_smote_platt,9,0.0316908061823135,0.1787768597354448,0.7812462686567164,0.6341733436260008,0.5806451612903226
pima,1.87,histgb,E3_smote_iso,0,0.04424605086667673,0.18088906186778106,0.7826007462686566,0.6279516973810633,0.5754527162977867
pima,1.87,histgb,E3_smote_iso,1,0.06503855866646462,0.18303575852009288,0.7727835820895523,0.6033726047522231,0.6164383561643836
pima,1.87,histgb,E3_smote_iso,2,0.05346598585092219,0.1822272724769609,0.7791156716417911,0.6251060949843196,0.5868263473053892
pima,1.87,histgb,E3_smote_iso,3,0.04807546658701146,0.18600585620897894,0.770179104477612,0.6026770117562339,0.5748502994011976
pima,1.87,histgb,E3_smote_iso,4,0.057942369026505784,0.17967240928627773,0.7853582089552239,0.6273933297904382,0.5651302605210421
pima,1.87,histgb,E3_smote_iso,5,0.04573812610746303,0.1829082096007273,0.7777089552238806,0.5997180694470422,0.510158013544018
pima,1.87,histgb,E3_smote_iso,6,0.05795875715996478,0.18435187205674933,0.7724291044776119,0.6178230961223296,0.6156648451730419
pima,1.87,histgb,E3_smote_iso,7,0.06069832310534319,0.1788133428572282,0.7847276119402985,0.6379498145077941,0.5668016194331984
pima,1.87,histgb,E3_smote_iso,8,0.05738444236651724,0.18409720326267973,0.7790410447761194,0.6074747301893627,0.5918762088974855
pima,1.87,histgb,E3_smote_iso,9,0.04789398247557537,0.1859768321953222,0.7650522388059702,0.616275113692977,0.5089285714285714
credit_g,2.33,rf,E0_none,0,0.040674999999999996,0.16354645833333334,0.7907000000000001,0.6234364478153478,0.511340206185567
credit_g,2.33,rf,E0_none,1,0.02888333333333333,0.16481166666666666,0.7859928571428572,0.6079336976177211,0.48822269807280516
credit_g,2.33,rf,E0_none,2,0.03655,0.16337541666666666,0.7889666666666667,0.6247254569756315,0.5062761506276151
credit_g,2.33,rf,E0_none,3,0.024958333333333353,0.16575368055555556,0.7821761904761905,0.6135490954549108,0.48851774530271397
credit_g,2.33,rf,E0_none,4,0.04350833333333334,0.16340826388888888,0.7895023809523809,0.6296898951863675,0.5195876288659794
credit_g,2.33,rf,E0_none,5,0.03411666666666668,0.1643384722222222,0.78525,0.6293177253381531,0.5135699373695198
credit_g,2.33,rf,E0_none,6,0.029083333333333326,0.16710736111111113,0.7778666666666667,0.6054417352773804,0.4666666666666667
credit_g,2.33,rf,E0_none,7,0.03499166666666668,0.16182145833333333,0.7952142857142858,0.6332103033212272,0.5020746887966805
credit_g,2.33,rf,E0_none,8,0.02989166666666668,0.16563270833333335,0.7809619047619049,0.6181621526605754,0.4957627118644068
credit_g,2.33,rf,E0_none,9,0.038000000000000006,0.16554222222222223,0.7815095238095239,0.618196080125744,0.464818763326226
credit_g,2.33,rf,E1_smote,0,0.03510833333333334,0.16461034722222223,0.7874452380952381,0.6099531138243058,0.5330739299610895
credit_g,2.33,rf,E1_smote,1,0.03930833333333335,0.16638756944444447,0.7819238095238095,0.6023314885002462,0.5335968379446641
credit_g,2.33,rf,E1_smote,2,0.04757499999999998,0.16510881944444447,0.784754761904762,0.6163626542074111,0.5398058252427185
credit_g,2.33,rf,E1_smote,3,0.040133333333333354,0.16516722222222222,0.7865833333333333,0.6138865164199134,0.504930966469428
credit_g,2.33,rf,E1_smote,4,0.04200833333333332,0.16330298611111113,0.7916714285714285,0.6204087169464495,0.530938123752495
credit_g,2.33,rf,E1_smote,5,0.050416666666666686,0.16476388888888888,0.7835761904761904,0.6264570890859752,0.556420233463035
credit_g,2.33,rf,E1_smote,6,0.033175,0.1672992361111111,0.7799428571428572,0.5983013035704916,0.5167652859960552
credit_g,2.33,rf,E1_smote,7,0.03396666666666667,0.16476583333333333,0.7862666666666667,0.6185583105970562,0.5188118811881188
credit_g,2.33,rf,E1_smote,8,0.03219999999999998,0.16498583333333336,0.7874738095238095,0.6126518003082306,0.5155038759689923
credit_g,2.33,rf,E1_smote,9,0.04420833333333334,0.1652392361111111,0.7841190476190476,0.6275848185449685,0.5254901960784314
credit_g,2.33,rf,E1_ros,0,0.05408333333333335,0.16845333333333332,0.7832238095238095,0.5959015204630458,0.5392857142857143
credit_g,2.33,rf,E1_ros,1,0.05511666666666666,0.16859027777777777,0.778747619047619,0.6088504685025399,0.5451197053406999
credit_g,2.33,rf,E1_ros,2,0.061341666666666655,0.16327048611111109,0.7967428571428571,0.6386763570402305,0.5825932504440497
credit_g,2.33,rf,E1_ros,3,0.05060833333333333,0.166745625,0.7859190476190476,0.613847404845667,0.5407407407407407
credit_g,2.33,rf,E1_ros,4,0.05335833333333332,0.16825951388888888,0.7815452380952381,0.6072006174291127,0.5518518518518518
credit_g,2.33,rf,E1_ros,5,0.06188333333333334,0.16495972222222224,0.7888761904761905,0.6377757928481754,0.5688073394495413
credit_g,2.33,rf,E1_ros,6,0.04941666666666669,0.1681951388888889,0.7829214285714285,0.5950086719143904,0.5405405405405406
credit_g,2.33,rf,E1_ros,7,0.05258333333333335,0.16666861111111111,0.7851523809523809,0.6139095284661141,0.5533453887884268
credit_g,2.33,rf,E1_ros,8,0.052958333333333336,0.16578506944444443,0.7871142857142858,0.6167655707954288,0.5547445255474452
credit_g,2.33,rf,E1_ros,9,0.05265833333333332,0.16928243055555556,0.7761976190476191,0.6065213663056244,0.5516014234875445
credit_g,2.33,rf,E1_rus,0,0.15943333333333334,0.1934188888888889,0.7795190476190476,0.5963262335948404,0.5904255319148937
credit_g,2.33,rf,E1_rus,1,0.1620166666666667,0.19447833333333336,0.7806785714285714,0.5916203063511483,0.6117021276595744
credit_g,2.33,rf,E1_rus,2,0.15610833333333335,0.1934479861111111,0.7752904761904762,0.6010628255548709,0.5764546684709067
credit_g,2.33,rf,E1_rus,3,0.15801666666666672,0.1943826388888889,0.7734785714285715,0.5838665766337217,0.5833333333333334
credit_g,2.33,rf,E1_rus,4,0.1602833333333334,0.19402277777777777,0.7794119047619048,0.5827828198395746,0.5815217391304348
credit_g,2.33,rf,E1_rus,5,0.15895833333333337,0.192161875,0.7821261904761905,0.6192034675483659,0.6032608695652174
credit_g,2.33,rf,E1_rus,6,0.157275,0.19423020833333335,0.7744904761904763,0.574346490058287,0.6114819759679573
credit_g,2.33,rf,E1_rus,7,0.16308333333333333,0.19247944444444443,0.7863809523809524,0.6016166656777228,0.6032171581769437
credit_g,2.33,rf,E1_rus,8,0.16183333333333336,0.19341069444444445,0.7816142857142857,0.5953330203474104,0.5879120879120879
credit_g,2.33,rf,E1_rus,9,0.157025,0.19225881944444445,0.7805119047619047,0.6025088009730567,0.5876010781671159
credit_g,2.33,rf,E2_cw,0,0.041583333333333306,0.16304694444444445,0.7919547619047619,0.6297229070908994,0.49572649572649574
credit_g,2.33,rf,E2_cw,1,0.03940833333333332,0.16576368055555554,0.7833452380952381,0.6047384382497734,0.4685466377440347
credit_g,2.33,rf,E2_cw,2,0.0297,0.16355902777777778,0.7908761904761904,0.6149539237693855,0.49678800856531047
credit_g,2.33,rf,E2_cw,3,0.02530833333333334,0.16542506944444446,0.7827904761904763,0.6198974806999322,0.47186147186147187
credit_g,2.33,rf,E2_cw,4,0.021208333333333333,0.16616381944444442,0.7821571428571429,0.6049779306682134,0.46220302375809935
credit_g,2.33,rf,E2_cw,5,0.03423333333333335,0.16425625000000002,0.7864261904761904,0.6259212938719871,0.49676025917926564
credit_g,2.33,rf,E2_cw,6,0.035366666666666664,0.16619152777777776,0.7842666666666666,0.5989776206403009,0.437636761487965
credit_g,2.33,rf,E2_cw,7,0.04142499999999999,0.16261979166666665,0.7933761904761906,0.6302217613007666,0.47058823529411764
credit_g,2.33,rf,E2_cw,8,0.02540833333333334,0.16367631944444444,0.7882809523809524,0.6257477440207114,0.48590021691973967
credit_g,2.33,rf,E2_cw,9,0.03336666666666669,0.16360555555555556,0.7862523809523809,0.6353341173942824,0.4978165938864629
credit_g,2.33,rf,E3_smote_platt,0,0.023403248189781983,0.16737132948432637,0.7766023809523809,0.5960613995816204,0.5130260521042084
credit_g,2.33,rf,E3_smote_platt,1,0.026057349998018405,0.17324909720550152,0.7542142857142856,0.5729788305531718,0.4691358024691358
credit_g,2.33,rf,E3_smote_platt,2,0.02130731330110966,0.16831845599587292,0.7770761904761905,0.5872199456726529,0.5149700598802395
credit_g,2.33,rf,E3_smote_platt,3,0.013143337370652743,0.16707645946514776,0.770752380952381,0.5994838199917333,0.5304518664047151
credit_g,2.33,rf,E3_smote_platt,4,0.03253092656939503,0.1702240611656447,0.7731309523809524,0.5979204374364896,0.5171102661596958
credit_g,2.33,rf,E3_smote_platt,5,0.0247015291531579,0.16877061859496936,0.7676857142857143,0.6002942920983547,0.4511930585683297
credit_g,2.33,rf,E3_smote_platt,6,0.030502965396837427,0.16980004000516982,0.7711666666666668,0.573411376466402,0.4673684210526316
credit_g,2.33,rf,E3_smote_platt,7,0.02002053856559177,0.16704207440938973,0.7769952380952381,0.6085511658375398,0.5009861932938856
credit_g,2.33,rf,E3_smote_platt,8,0.025932555104086295,0.17033415730797974,0.7699285714285713,0.5791393736193505,0.483739837398374
credit_g,2.33,rf,E3_smote_platt,9,0.02529704579045569,0.16979042028490315,0.7690357142857143,0.5947086918980984,0.5019305019305019
credit_g,2.33,rf,E3_smote_iso,0,0.03877171266834043,0.17370000000125335,0.7624928571428571,0.563645229575969,0.48360655737704916
credit_g,2.33,rf,E3_smote_iso,1,0.03174529622622781,0.17465588508008348,0.7532857142857143,0.563795087737306,0.40271493212669685
credit_g,2.33,rf,E3_smote_iso,2,0.02034699376601453,0.1717160625970237,0.7686190476190475,0.5745226059878171,0.49500998003992014
credit_g,2.33,rf,E3_smote_iso,3,0.05843833198417031,0.17163539343021114,0.7694690476190477,0.5823371011347228,0.49377593360995853
credit_g,2.33,rf,E3_smote_iso,4,0.06017871084975708,0.1764059857389576,0.7637571428571428,0.5655304114141302,0.5274725274725275
credit_g,2.33,rf,E3_smote_iso,5,0.02776672896951013,0.16899702650863538,0.765697619047619,0.5917941413232773,0.4406047516198704
credit_g,2.33,rf,E3_smote_iso,6,0.04851215456889132,0.17773546576513302,0.7574714285714286,0.5478807818778756,0.47035573122529645
credit_g,2.33,rf,E3_smote_iso,7,0.0414779857477408,0.17075914786944632,0.7691738095238095,0.5691409804309437,0.49019607843137253
credit_g,2.33,rf,E3_smote_iso,8,0.05078181103127554,0.17724697830333286,0.7611142857142859,0.5475431453561889,0.4528301886792453
credit_g,2.33,rf,E3_smote_iso,9,0.042679304303252036,0.17346807406810427,0.7597261904761905,0.5791410286627864,0.44635193133047213
credit_g,2.33,histgb,E0_none,0,0.149320725808332,0.19278738931187725,0.7719761904761905,0.5968656336851973,0.5559701492537313
credit_g,2.33,histgb,E0_none,1,0.1562560678574596,0.19374285819675047,0.7702428571428571,0.6209529756238705,0.5301645338208409
credit_g,2.33,histgb,E0_none,2,0.1636022729567442,0.20060545070483418,0.7638095238095238,0.5945238742370227,0.5274336283185841
credit_g,2.33,histgb,E0_none,3,0.1519444480777604,0.19648151076604217,0.7673476190476191,0.6070836463369822,0.5315985130111525
credit_g,2.33,histgb,E0_none,4,0.16462952178044307,0.19884532574573638,0.7673285714285715,0.5940391455840073,0.5263157894736842
credit_g,2.33,histgb,E0_none,5,0.13848508289436318,0.18397887610251906,0.7734714285714285,0.641032350769568,0.5423728813559322
credit_g,2.33,histgb,E0_none,6,0.14976840729252353,0.19045006834991746,0.776495238095238,0.6087151561382023,0.5215759849906192
credit_g,2.33,histgb,E0_none,7,0.1357481253321896,0.18841793333463897,0.7737666666666667,0.6221401700616189,0.5637342908438061
credit_g,2.33,histgb,E0_none,8,0.14810915806195782,0.19111077119748188,0.7792952380952382,0.6274722216205206,0.5601436265709157
credit_g,2.33,histgb,E0_none,9,0.15415791287259922,0.19192302650508106,0.7700380952380953,0.629510457910787,0.5357798165137615
credit_g,2.33,histgb,E1_smote,0,0.16694582566143046,0.19848870192701215,0.7738095238095237,0.5973225867301877,0.5212569316081331
credit_g,2.33,histgb,E1_smote,1,0.15628882718475529,0.1958085985401869,0.7667190476190477,0.6142150597401996,0.5343228200371057
credit_g,2.33,histgb,E1_smote,2,0.1658334833760165,0.20162768441608925,0.7748809523809524,0.6074610592360561,0.5418894830659536
credit_g,2.33,histgb,E1_smote,3,0.16982199632842393,0.20178914286121294,0.761395238095238,0.599696757638347,0.5321428571428571
credit_g,2.33,histgb,E1_smote,4,0.17225535961759306,0.20239029699152666,0.7632857142857143,0.6008763136154109,0.521415270018622
credit_g,2.33,histgb,E1_smote,5,0.1394271199707665,0.18393749718004063,0.7776142857142858,0.63832217324495,0.5677179962894249
credit_g,2.33,histgb,E1_smote,6,0.1528359028436157,0.19510223040382682,0.7769523809523808,0.6201447588267397,0.5269016697588126
credit_g,2.33,histgb,E1_smote,7,0.1450914761467137,0.19300152824203884,0.770947619047619,0.620600361890948,0.5535055350553506
credit_g,2.33,histgb,E1_smote,8,0.16830329091152585,0.19932505847957738,0.7718952380952381,0.6132552494588676,0.5394495412844037
credit_g,2.33,histgb,E1_smote,9,0.17040294442029869,0.20506431175140796,0.756304761904762,0.5973845440312997,0.5094339622641509
credit_g,2.33,histgb,E1_ros,0,0.16473255116196156,0.199645102427869,0.7744095238095239,0.5959843570898161,0.5622775800711743
credit_g,2.33,histgb,E1_ros,1,0.16482579362894256,0.1990459247254443,0.7693857142857142,0.622596719412452,0.5405405405405406
credit_g,2.33,histgb,E1_ros,2,0.1722384104347296,0.20239620547803366,0.7739333333333334,0.5976797315193445,0.5498281786941581
credit_g,2.33,histgb,E1_ros,3,0.16679009584631838,0.20529732328305692,0.7646380952380953,0.5895792992374815,0.5495652173913044
credit_g,2.33,histgb,E1_ros,4,0.16660688750960204,0.2050415832130601,0.7631333333333333,0.5891936527775743,0.5444839857651246
credit_g,2.33,histgb,E1_ros,5,0.1495108732051577,0.19230739519748097,0.7751761904761905,0.6246531055044776,0.5523465703971119
credit_g,2.33,histgb,E1_ros,6,0.17458857651402748,0.20596097559051899,0.7731238095238095,0.5988954592852151,0.5380530973451327
credit_g,2.33,histgb,E1_ros,7,0.15759460087865243,0.19689307243178503,0.7696190476190476,0.6161269020722443,0.5561312607944733
credit_g,2.33,histgb,E1_ros,8,0.16584920666948402,0.19877043464797778,0.779295238095238,0.6141063884071962,0.56
credit_g,2.33,histgb,E1_ros,9,0.16241329352220926,0.2048490097159332,0.7620428571428571,0.5998591932314623,0.5528169014084507
credit_g,2.33,histgb,E1_rus,0,0.19612160894010294,0.23670913156352658,0.7495142857142857,0.5615525620260979,0.5499316005471956
credit_g,2.33,histgb,E1_rus,1,0.19935322955282891,0.23392447104564779,0.7532238095238095,0.5759636191817348,0.5667125171939478
credit_g,2.33,histgb,E1_rus,2,0.19437185469950108,0.23301812121119567,0.766647619047619,0.5970632230677061,0.5795918367346938
credit_g,2.33,histgb,E1_rus,3,0.19951479742079228,0.2426701445151761,0.7395999999999999,0.5499881648437114,0.5490196078431373
credit_g,2.33,histgb,E1_rus,4,0.19076690540483882,0.23129353190979954,0.7575095238095239,0.5732210783830174,0.5714285714285714
credit_g,2.33,histgb,E1_rus,5,0.20598608583223987,0.23902771124042216,0.7566285714285714,0.5759165190167463,0.5640326975476839
credit_g,2.33,histgb,E1_rus,6,0.20943032862533711,0.2419604384809837,0.758452380952381,0.5604827092205996,0.5676392572944297
credit_g,2.33,histgb,E1_rus,7,0.20967972892631945,0.2399012224752728,0.7613333333333334,0.598854065640017,0.5718085106382979
credit_g,2.33,histgb,E1_rus,8,0.21842636772662222,0.24398909811920635,0.7487190476190475,0.5646953033479782,0.5538881309686221
credit_g,2.33,histgb,E1_rus,9,0.1983161436059499,0.23860222718859164,0.7466809523809524,0.5519496509730764,0.569060773480663
credit_g,2.33,histgb,E2_cw,0,0.16239571267373032,0.19713368211130763,0.7740238095238094,0.6052962216508917,0.562390158172232
credit_g,2.33,histgb,E2_cw,1,0.1562079116819089,0.20034510450606777,0.7652714285714286,0.6045625852852005,0.5530434782608695
credit_g,2.33,histgb,E2_cw,2,0.15857458412000586,0.20142791676254582,0.7731571428571429,0.6014421571092069,0.5488215488215489
credit_g,2.33,histgb,E2_cw,3,0.1618439422033556,0.20012556267981274,0.7673857142857142,0.602669833574278,0.5601374570446735
credit_g,2.33,histgb,E2_cw,4,0.15904351090048208,0.1986863214175871,0.7701476190476191,0.6123583956848699,0.541958041958042
credit_g,2.33,histgb,E2_cw,5,0.1534826570356713,0.18861794554411235,0.7715571428571428,0.637711767733625,0.5614035087719298
credit_g,2.33,histgb,E2_cw,6,0.15601186587297655,0.19491583857198175,0.7708619047619049,0.6026723043341736,0.5441696113074205
credit_g,2.33,histgb,E2_cw,7,0.14688200938319831,0.1942599762817573,0.7652619047619047,0.6172696007479905,0.5843478260869566
credit_g,2.33,histgb,E2_cw,8,0.16318898751817917,0.19816540726432838,0.7725333333333333,0.6135264534761224,0.5506756756756757
credit_g,2.33,histgb,E2_cw,9,0.16935802068793035,0.20061595351263484,0.7593238095238095,0.6099778675599875,0.545774647887324
credit_g,2.33,histgb,E3_smote_platt,0,0.02119063404974599,0.17052039961228987,0.7626190476190475,0.5907296701097816,0.486815415821501
credit_g,2.33,histgb,E3_smote_platt,1,0.020875018300174207,0.1718001278733442,0.7548714285714285,0.5888617287828142,0.4723404255319149
credit_g,2.33,histgb,E3_smote_platt,2,0.025959991489354593,0.17139112142526755,0.7569714285714285,0.59619080721834,0.4896265560165975
credit_g,2.33,histgb,E3_smote_platt,3,0.02629658984127714,0.1735933845287601,0.7538714285714286,0.5696004443520054,0.46218487394957986
credit_g,2.33,histgb,E3_smote_platt,4,0.03196654731948423,0.17719245176230133,0.7437857142857144,0.567657749621177,0.5038461538461538
credit_g,2.33,histgb,E3_smote_platt,5,0.023519280457316525,0.16800375564649972,0.7669714285714285,0.6161097251425571,0.45598194130925507
credit_g,2.33,histgb,E3_smote_platt,6,0.036473180149933226,0.17015430882234886,0.7726095238095237,0.5880661029817859,0.4036697247706422
credit_g,2.33,histgb,E3_smote_platt,7,0.02783606615478164,0.17361770880312052,0.7553238095238095,0.5846897442695539,0.4708249496981891
credit_g,2.33,histgb,E3_smote_platt,8,0.03128913159046944,0.17217192667587505,0.7605095238095239,0.5817489944321275,0.45726495726495725
credit_g,2.33,histgb,E3_smote_platt,9,0.0219764051725861,0.17249345680608252,0.7569333333333332,0.5837484104841181,0.47058823529411764
credit_g,2.33,histgb,E3_smote_iso,0,0.041068368500961426,0.17357586991862547,0.7565571428571428,0.5696116330700697,0.4225352112676056
credit_g,2.33,histgb,E3_smote_iso,1,0.057033938143462304,0.17612229247050787,0.7468595238095238,0.5664478090444484,0.4531590413943355
credit_g,2.33,histgb,E3_smote_iso,2,0.03651329486733227,0.1752212222250331,0.74595,0.5716759124936321,0.4349775784753363
credit_g,2.33,histgb,E3_smote_iso,3,0.04766804315116007,0.1789236170484509,0.7428547619047621,0.5545879929756242,0.4577319587628866
credit_g,2.33,histgb,E3_smote_iso,4,0.060799784319488986,0.1810086196536235,0.7394047619047618,0.5426047514966856,0.4810126582278481
credit_g,2.33,histgb,E3_smote_iso,5,0.04378570226692287,0.17032291174271727,0.75545,0.5920399338489438,0.4246575342465753
credit_g,2.33,histgb,E3_smote_iso,6,0.03528709918978326,0.17420424096319884,0.7562738095238094,0.564620765345192,0.47401247401247404
credit_g,2.33,histgb,E3_smote_iso,7,0.046830212888408454,0.17897373846541456,0.745397619047619,0.5619472003188365,0.48031496062992124
credit_g,2.33,histgb,E3_smote_iso,8,0.037555529977815416,0.17260561177026024,0.763057142857143,0.5708089846972967,0.48
credit_g,2.33,histgb,E3_smote_iso,9,0.033150537787033516,0.17639721421321541,0.750854761904762,0.5497185898030794,0.4520255863539446
phoneme,2.41,rf,E0_none,0,0.036969528744140154,0.06799752241138252,0.963593504452593,0.922681270958322,0.8466921119592875
phoneme,2.41,rf,E0_none,1,0.03611676535899334,0.06986837167941443,0.9611862935045187,0.918949684809736,0.8434810328339177
phoneme,2.41,rf,E0_none,2,0.03782229212928695,0.06919844610987747,0.9624096748857374,0.9193643137109044,0.8453477294379168
phoneme,2.41,rf,E0_none,3,0.03641592647421663,0.07014938779916112,0.9610597937558666,0.921054291163659,0.8415335463258786
phoneme,2.41,rf,E0_none,4,0.0318205650135702,0.07006526801134962,0.9602965841104426,0.9145324207177185,0.8404693942277196
phoneme,2.41,rf,E0_none,5,0.039970392301998524,0.06935796015297312,0.9618530594773413,0.9187650194678499,0.8507795100222717
phoneme,2.41,rf,E0_none,6,0.03659172218110042,0.06977600182992022,0.961561251310412,0.9154346609075446,0.8451510333863275
phoneme,2.41,rf,E0_none,7,0.033057303232173714,0.07167217955835184,0.9599846284639626,0.9120060756315433,0.8385864374403056
phoneme,2.41,rf,E0_none,8,0.04074296817172465,0.0686940871987828,0.9627387228611799,0.9216088322337037,0.8498238872878643
phoneme,2.41,rf,E0_none,9,0.03490470022205774,0.07007251572908957,0.9609522029122026,0.9163493327457645,0.8390181702263309
phoneme,2.41,rf,E1_smote,0,0.040690537873180346,0.07077053263015051,0.9635630355183551,0.9211365825064711,0.8470305938812237
phoneme,2.41,rf,E1_smote,1,0.038989637305699494,0.07242569804260218,0.9610424537119915,0.9140792877037023,0.8378541289933695
phoneme,2.41,rf,E1_smote,2,0.0436651862817666,0.0715125370096225,0.9630457242094095,0.9170808868107247,0.8415071770334929
phoneme,2.41,rf,E1_smote,3,0.041711386627189734,0.07197203460399704,0.9617511660766649,0.9185085192215714,0.8363309352517986
phoneme,2.41,rf,E1_smote,4,0.04140914137675796,0.07204908658195575,0.9610393159897664,0.9137198685959375,0.8389221556886227
phoneme,2.41,rf,E1_smote,5,0.042363681223784866,0.07157822908956328,0.9628198082092061,0.917980862724128,0.8413504631012847
phoneme,2.41,rf,E1_smote,6,0.039546323710831506,0.07226042694711736,0.961663062139451,0.9119619121030104,0.841255605381166
phoneme,2.41,rf,E1_smote,7,0.037800703182827536,0.07496940280861913,0.959274347238177,0.9059328050362611,0.8319377990430622
phoneme,2.41,rf,E1_smote,8,0.04174685418208733,0.07120188749074759,0.9624691264647383,0.9172532696879704,0.8382660687593423
phoneme,2.41,rf,E1_smote,9,0.04222643720700716,0.07208882052389176,0.9620958200915952,0.9158923632980507,0.8378216636744464
phoneme,2.41,rf,E1_ros,0,0.03496946706143599,0.068164489781232,0.9641290640934261,0.9246557090277762,0.847217952659084
phoneme,2.41,rf,E1_ros,1,0.03437885516901057,0.06929113722345588,0.962354104173699,0.9188786165232231,0.8455836936380482
phoneme,2.41,rf,E1_ros,2,0.037791450777202085,0.06815672804095732,0.9636987832904071,0.923146194634608,0.8495684340320592
phoneme,2.41,rf,E1_ros,3,0.035180730323217384,0.06957179352742825,0.9617962501907406,0.920900881698152,0.8471750540290213
phoneme,2.41,rf,E1_ros,4,0.031493646681470505,0.07023224823176248,0.9612612685513697,0.9151946986820807,0.8432996013492794
phoneme,2.41,rf,E1_ros,5,0.03578830495928943,0.06839085245497162,0.9636564240403689,0.922290458705212,0.8533742331288343
phoneme,2.41,rf,E1_ros,6,0.035137552430298556,0.06926160662883461,0.9633545421336642,0.9195012392773034,0.8494326893590923
phoneme,2.41,rf,E1_ros,7,0.03043424623735505,0.07141004091619377,0.9602280496513165,0.9120260317249795,0.8397416179637035
phoneme,2.41,rf,E1_ros,8,0.03782846039970392,0.06845766253392549,0.9628353316770565,0.9215538532475682,0.8464396284829722
phoneme,2.41,rf,E1_ros,9,0.03284758203799655,0.0699641597787647,0.9621212521559456,0.9159084556853638,0.8438171218165081
phoneme,2.41,rf,E1_rus,0,0.08198248211201577,0.09098800271403898,0.9526616802205257,0.8885843216302851,0.8093255620316403
phoneme,2.41,rf,E1_rus,1,0.08017826301505057,0.0905977054034049,0.9519551972900648,0.8846287432643637,0.8130762782900252
phoneme,2.41,rf,E1_rus,2,0.0798791018998273,0.09154810736902706,0.9515280542092708,0.8835433580473885,0.8065049614112458
phoneme,2.41,rf,E1_rus,3,0.08205341722181099,0.09282326877210298,0.9500291312737104,0.8814328383544883,0.8049723756906078
phoneme,2.41,rf,E1_rus,4,0.08150135701949172,0.0924491374701867,0.9496466594488047,0.8752413288545356,0.806881243063263
phoneme,2.41,rf,E1_rus,5,0.079579940784604,0.09022755777613291,0.9519220034917893,0.8817399772962153,0.8081088586503749
phoneme,2.41,rf,E1_rus,6,0.07972335307179866,0.09072170048934945,0.9519691518968028,0.8863159963009123,0.8100278551532033
phoneme,2.41,rf,E1_rus,7,0.08298482605477424,0.09316301196644461,0.9493539429938626,0.8768728340730825,0.8124306326304107
phoneme,2.41,rf,E1_rus,8,0.07830773501110289,0.09062920213422157,0.9513899944313687,0.8817146041503747,0.8062622309197651
phoneme,2.41,rf,E1_rus,9,0.08116518628176658,0.09127035529237602,0.950612830179207,0.8804168560571547,0.8068023417897965
phoneme,2.41,rf,E2_cw,0,0.03899580557611645,0.068186168681635,0.9636900306968319,0.9222462895050098,0.849568827850527
phoneme,2.41,rf,E2_cw,1,0.034977177399457195,0.070031612385887,0.9614320266977224,0.9159824336578594,0.8419023136246787
phoneme,2.41,rf,E2_cw,2,0.03560017271157169,0.06983021835677276,0.9620780671895324,0.9183461447803438,0.8433811802232855
phoneme,2.41,rf,E2_cw,3,0.03404114236368122,0.07025525074019244,0.9612829848920326,0.9188775571054416,0.8374035989717223
phoneme,2.41,rf,E2_cw,4,0.03160004934616333,0.07090722407270335,0.9605637033577592,0.913332709444014,0.8371943371943372
phoneme,2.41,rf,E2_cw,5,0.04001202812731311,0.06872870661649806,0.9632837782403257,0.919771031437024,0.850368471643704
phoneme,2.41,rf,E2_cw,6,0.037253269183321,0.07002906797434,0.9617699098383776,0.915270613891954,0.8432883750802826
phoneme,2.41,rf,E2_cw,7,0.03172341475450284,0.07175471872686899,0.9599355809112871,0.9086073551089121,0.8301765650080257
phoneme,2.41,rf,E2_cw,8,0.040670490994325195,0.06922385167365737,0.962132729613558,0.9190602274638544,0.8487584650112867
phoneme,2.41,rf,E2_cw,9,0.03405964717493217,0.07035042201250104,0.96144003614656,0.9152008393894248,0.8376560999039385
phoneme,2.41,rf,E3_smote_platt,0,0.011870647200851623,0.0759749318581525,0.9524777931838104,0.8983970925607566,0.8234556287237379
phoneme,2.41,rf,E3_smote_platt,1,0.012825009474387262,0.07626034575380604,0.9529885813333933,0.8944182168222417,0.8231592196349906
phoneme,2.41,rf,E3_smote_platt,2,0.01338783461438929,0.07618679559536462,0.9535158012388388,0.8989483581930519,0.8233815210559396
phoneme,2.41,rf,E3_smote_platt,3,0.013623870221001652,0.07794126601131428,0.9507319810521212,0.8926908074236302,0.8191320874247704
phoneme,2.41,rf,E3_smote_platt,4,0.012413000283802059,0.07651757143166012,0.9524306447787971,0.8928890168504764,0.8247876690783266
phoneme,2.41,rf,E3_smote_platt,5,0.005212618005787813,0.07455456715154075,0.9530368857413315,0.88884412355054,0.8299276956931783
phoneme,2.41,rf,E3_smote_platt,6,0.014668154430799716,0.07820724473240838,0.9515976620996844,0.8902521305257419,0.8166614073840328
phoneme,2.41,rf,E3_smote_platt,7,0.01895488633375331,0.08084910334586956,0.9493618698710626,0.8805664841492515,0.8064720812182741
phoneme,2.41,rf,E3_smote_platt,8,0.01342161016993191,0.07580409770019234,0.9538885296105195,0.8969234347690345,0.828732747804266
phoneme,2.41,rf,E3_smote_platt,9,0.011386807424689964,0.07614261412884371,0.953067106960657,0.8929380721935533,0.8248517015298158
phoneme,2.41,rf,E3_smote_iso,0,0.009884039563929988,0.07671739275124917,0.9516164884330347,0.8898573557863887,0.8202354438434617
phoneme,2.41,rf,E3_smote_iso,1,0.01654738161098748,0.07694883751847705,0.9510558270144012,0.8887496828711077,0.8162230671736375
phoneme,2.41,rf,E3_smote_iso,2,0.007588810339933489,0.07710775235136265,0.9514330142545069,0.8905383702135425,0.8197452229299363
phoneme,2.41,rf,E3_smote_iso,3,0.010647668670277222,0.07862026896651102,0.9500279752707854,0.8899493356427706,0.8171156893819335
phoneme,2.41,rf,E3_smote_iso,4,0.013519263587380205,0.0766919814670934,0.9513796729766811,0.8868720878840562,0.8205938092229943
phoneme,2.41,rf,E3_smote_iso,5,0.01809973165405977,0.07534915200527217,0.9527330221153268,0.889966295794535,0.8268015170670038
phoneme,2.41,rf,E3_smote_iso,6,0.015586908230460658,0.07909388761510383,0.9498868603422956,0.8833847458803289,0.8108964206525182
phoneme,2.41,rf,E3_smote_iso,7,0.011655450320347201,0.07984624508598029,0.9489063221469682,0.8716357083053738,0.8078406169665809
phoneme,2.41,rf,E3_smote_iso,8,0.008889707714193822,0.07608323737199651,0.9521599749510681,0.8910487248108717,0.8248517015298158
phoneme,2.41,rf,E3_smote_iso,9,0.021939378687736547,0.07719360593484814,0.9512657241169293,0.8857692720994651,0.8272445820433436
phoneme,2.41,histgb,E0_none,0,0.025798374253634057,0.07355057273424108,0.9577054861256529,0.9077082411890546,0.83008
phoneme,2.41,histgb,E0_none,1,0.023537436683413467,0.07327900025282413,0.9574496791926741,0.9096604419131498,0.8282892640968461
phoneme,2.41,histgb,E0_none,2,0.020159511781989305,0.07246672365845998,0.9577000363975778,0.907069991180135,0.8287714831317632
phoneme,2.41,histgb,E0_none,3,0.023030620128239906,0.07451298363982768,0.9550032467167866,0.9057636734017221,0.8279397628965075
phoneme,2.41,histgb,E0_none,4,0.0217068617009525,0.07320761064658225,0.9567871243733639,0.9040386706181242,0.8284250960307298
phoneme,2.41,histgb,E0_none,5,0.020688301551556126,0.07097882679915475,0.9592360339983763,0.9085806772773318,0.8326947637292464
phoneme,2.41,histgb,E0_none,6,0.02450192538786225,0.07281849156893803,0.9576280339296765,0.9064427573050219,0.8338099777565936
phoneme,2.41,histgb,E0_none,7,0.022779637302567688,0.07498536674739595,0.9558743774924249,0.9007760471642042,0.8267766497461929
phoneme,2.41,histgb,E0_none,8,0.01861833349902227,0.07214661752821974,0.9576911186607276,0.9071681867798729,0.8336005129849311
phoneme,2.41,histgb,E0_none,9,0.02375887013023685,0.07197310842437239,0.9577746811578791,0.9055283091471359,0.8311605723370429
phoneme,2.41,histgb,E1_smote,0,0.03943664569638359,0.07806194675411628,0.9570032969203421,0.9032074012971902,0.8273381294964028
phoneme,2.41,histgb,E1_smote,1,0.04053219969871795,0.0775970106453273,0.9573165737130219,0.90956828318339,0.8280216476247745
phoneme,2.41,histgb,E1_smote,2,0.03792173485361601,0.07662441720475646,0.9580174417721327,0.9068682629736328,0.8289315726290516
phoneme,2.41,histgb,E1_smote,3,0.04150273626030478,0.07928791625180379,0.9552185935473898,0.9057036828057958,0.8203898050974513
phoneme,2.41,histgb,E1_smote,4,0.03854075079840081,0.07783232297316091,0.9565917598790359,0.9038489390924628,0.8295896975142258
phoneme,2.41,histgb,E1_smote,5,0.03921266341580236,0.07827649291612195,0.9567598757329884,0.9020216859273796,0.8274415817855003
phoneme,2.41,histgb,E1_smote,6,0.041834776388853065,0.0771958874644237,0.9577829383216292,0.9058542012821369,0.8355714712026261
phoneme,2.41,histgb,E1_smote,7,0.03999358127527687,0.07958053410921376,0.9552489799099904,0.8941963273578697,0.8254252461951657
phoneme,2.41,histgb,E1_smote,8,0.040238463727172054,0.07630837076506784,0.9576359608068767,0.9076641980892969,0.8342342342342343
phoneme,2.41,histgb,E1_smote,9,0.03926034941347414,0.07878349795327495,0.956011446410677,0.8991548888540181,0.826722338204593
phoneme,2.41,histgb,E1_ros,0,0.03365524482473088,0.07465922310063551,0.9580062120294325,0.9070008895679517,0.8325709057639524
phoneme,2.41,histgb,E1_ros,1,0.03147144040198863,0.0746584659126293,0.9576992106812029,0.9096204876597894,0.8309385509018649
phoneme,2.41,histgb,E1_ros,2,0.03263387810961165,0.07532948791538942,0.9573530703767975,0.9052238116505524,0.831351021652943
phoneme,2.41,histgb,E1_ros,3,0.035575166737168554,0.07710132477128229,0.9550565879946123,0.9023377527911045,0.8277964035355074
phoneme,2.41,histgb,E1_ros,4,0.03168690582591098,0.07514924924521796,0.9571615041777946,0.9049558310705729,0.833995719963314
phoneme,2.41,histgb,E1_ros,5,0.029704123993174708,0.0757613500314611,0.957390723043498,0.9051605758652476,0.8255634455078728
phoneme,2.41,histgb,E1_ros,6,0.03286440789738689,0.07337611801551683,0.9587594305067191,0.9107623038309893,0.8434915773353752
phoneme,2.41,histgb,E1_ros,7,0.034234416397651984,0.07812836855389955,0.9542447436546999,0.8953124494904762,0.8254645141638745
phoneme,2.41,histgb,E1_ros,8,0.032018003805077536,0.07444464199692834,0.956859126841265,0.9064745513479637,0.8333333333333334
phoneme,2.41,histgb,E1_ros,9,0.028404510378468063,0.07526846727404148,0.9573593458212476,0.9020769483787076,0.828387886203732
phoneme,2.41,histgb,E1_rus,0,0.08088916746476289,0.09932202444097597,0.9475303483796471,0.8768501690530963,0.8015739179314222
phoneme,2.41,histgb,E1_rus,1,0.0770843117517974,0.09426642429552609,0.9490622173985706,0.8770234594403183,0.8075620767494357
phoneme,2.41,histgb,E1_rus,2,0.0757255474452863,0.09772317077852197,0.9472448156571678,0.8747952249211483,0.8039660056657224
phoneme,2.41,histgb,E1_rus,3,0.07722061429419322,0.10077301026733587,0.9442213725784215,0.8678276749437221,0.7978633680067473
phoneme,2.41,histgb,E1_rus,4,0.07827535412882625,0.09912944320331492,0.9448921845614817,0.866214865987123,0.8010132282578103
phoneme,2.41,histgb,E1_rus,5,0.07620820208483993,0.09760574094878974,0.9462812046475282,0.865725297659368,0.8021360314783587
phoneme,2.41,histgb,E1_rus,6,0.07515838925779045,0.09735686483828643,0.9466190052165459,0.8745689305227833,0.8044030482641829
phoneme,2.41,histgb,E1_rus,7,0.07600701901783215,0.10181224175224912,0.9440398801191938,0.8613022708786199,0.7946052261871313
phoneme,2.41,histgb,E1_rus,8,0.07691783775742633,0.09991600713421384,0.9442015553854212,0.8684053307060313,0.7970604861503674
phoneme,2.41,histgb,E1_rus,9,0.07710167882585776,0.09792353263269642,0.9457991514277957,0.8673225778334962,0.8019268914706715
phoneme,2.41,histgb,E2_cw,0,0.03673100997340782,0.07717195179338983,0.9561103672324035,0.9037889654970572,0.8242057488653555
phoneme,2.41,histgb,E2_cw,1,0.03368199764514475,0.07550203835745582,0.9575457925787254,0.9094338547408178,0.8281107392759355
phoneme,2.41,histgb,E2_cw,2,0.03343966603143733,0.07498298648523596,0.9574607437920992,0.9080697697322715,0.8347509113001215
phoneme,2.41,histgb,E2_cw,3,0.037368707216876254,0.0790103013127139,0.9535702985195896,0.901148728982115,0.8212648945921174
phoneme,2.41,histgb,E2_cw,4,0.03472628415809845,0.0757846866156996,0.9565998518995111,0.9027205398415817,0.8363970588235294
phoneme,2.41,histgb,E2_cw,5,0.032624843488271854,0.07322785312818096,0.9587151721090184,0.9080207210253697,0.83753416337686
phoneme,2.41,histgb,E2_cw,6,0.03855706499204933,0.07692579314712486,0.956003849820027,0.9016792646299994,0.831869130566495
phoneme,2.41,histgb,E2_cw,7,0.03938710159077879,0.07858474621927342,0.9544795773917535,0.8975429805610354,0.8293566898218061
phoneme,2.41,histgb,E2_cw,8,0.034869176887892456,0.0755843935560942,0.9571012268824185,0.9065868796542096,0.8303843807199512
phoneme,2.41,histgb,E2_cw,9,0.03440745653946528,0.07693645470957677,0.9562707213524309,0.9020052088490016,0.8253871849377468
phoneme,2.41,histgb,E3_smote_platt,0,0.009947030239968464,0.08163964140185849,0.9464542747997308,0.8814740844387103,0.8040455120101138
phoneme,2.41,histgb,E3_smote_platt,1,0.014208535221375052,0.07923337575756831,0.9493016751473243,0.8878525865296507,0.8114467408585055
phoneme,2.41,histgb,E3_smote_platt,2,0.008814051563191429,0.08006043152155032,0.9495012507951648,0.8861243210010527,0.8081192515065018
phoneme,2.41,histgb,E3_smote_platt,3,0.009234945303300325,0.08070426927883192,0.9479192607922782,0.8854458867646097,0.8084971464806595
phoneme,2.41,histgb,E3_smote_platt,4,0.008127418196137855,0.07913268555527732,0.9495637575247533,0.887540382314171,0.8119122257053292
phoneme,2.41,histgb,E3_smote_platt,5,0.010083729487911313,0.0787533307744329,0.95032457259269,0.8839072155960843,0.8194751817894405
phoneme,2.41,histgb,E3_smote_platt,6,0.0051421113792053,0.0805449334720686,0.9485101434302372,0.8813871142092509,0.806984126984127
phoneme,2.41,histgb,E3_smote_platt,7,0.012019027325158495,0.0838374980821119,0.9459317614776228,0.876100685422634,0.7976952624839949
phoneme,2.41,histgb,E3_smote_platt,8,0.010694487755506766,0.08021752456721012,0.949151064480522,0.884827311097059,0.8108783994998437
phoneme,2.41,histgb,E3_smote_platt,9,0.011894638953860542,0.07886194076678923,0.949809325574682,0.884239225909252,0.8182389937106919
phoneme,2.41,histgb,E3_smote_iso,0,0.007773115138041791,0.0824077323695984,0.9448331458406685,0.8749708701027162,0.8035487959442332
phoneme,2.41,histgb,E3_smote_iso,1,0.014631967262162085,0.07954047568966323,0.9481606176886944,0.8820564892402367,0.8101748807631161
phoneme,2.41,histgb,E3_smote_iso,2,0.011914433580256213,0.08125092075099716,0.9480327967938424,0.8750102689214383,0.8107938500156887
phoneme,2.41,histgb,E3_smote_iso,3,0.015318715218381136,0.08187610031082414,0.9468886841846249,0.878744519559537,0.7989723827874117
phoneme,2.41,histgb,E3_smote_iso,4,0.01785569494431465,0.08105808637784223,0.948098441245656,0.8761105503065322,0.8111668757841907
phoneme,2.41,histgb,E3_smote_iso,5,0.017142732052499016,0.07926442661506711,0.9495619409487284,0.8807791993726688,0.8123409669211196
phoneme,2.41,histgb,E3_smote_iso,6,0.014323869618853527,0.08172665924063259,0.9473531496455695,0.8745055828307541,0.8049010367577757
phoneme,2.41,histgb,E3_smote_iso,7,0.014573280625176691,0.08537851771397177,0.943592011557387,0.8661892286498549,0.7828099173553719
phoneme,2.41,histgb,E3_smote_iso,8,0.009340313272733476,0.08037378292827703,0.9483576336157723,0.880025008418308,0.8028488183878277
phoneme,2.41,histgb,E3_smote_iso,9,0.01159527515214396,0.08041142445528368,0.9476265443373363,0.8724767693277375,0.8150663785118863
adult,3.18,rf,E0_none,0,0.009111555611118052,0.10403453209428955,0.9028280137961945,0.7521129924886482,0.663089522733691
adult,3.18,rf,E0_none,1,0.010178355627786817,0.10289789695934215,0.9040642448627034,0.7601183090588428,0.6679797411367473
adult,3.18,rf,E0_none,2,0.010615910322123608,0.10412671375588615,0.9020849700644562,0.7536200376410687,0.657191586128482
adult,3.18,rf,E0_none,3,0.012670333791723973,0.10380943451264742,0.9021534873856865,0.7566429768928689,0.6557377049180327
adult,3.18,rf,E0_none,4,0.013739217402175255,0.10430595491103055,0.9013414540955412,0.7527389436246674,0.6576652601969057
adult,3.18,rf,E0_none,5,0.011591032212359872,0.10384461252100957,0.9022055622670475,0.7532246134763716,0.661935850127732
adult,3.18,rf,E0_none,6,0.008209359503271238,0.10296024850328514,0.9035584359161273,0.756056287789254,0.6624857468643102
adult,3.18,rf,E0_none,7,0.010870108763595452,0.10439025364281647,0.9010366893941542,0.7536115768291363,0.6545866364665912
adult,3.18,rf,E0_none,8,0.007510313789223648,0.10310520585906571,0.9043501200770347,0.7555033619087335,0.6611804767309876
adult,3.18,rf,E0_none,9,0.008194774346793346,0.10249348876942951,0.9048392719304799,0.7608635611207188,0.6614040033831406
adult,3.18,rf,E1_smote,0,0.015948868608576063,0.10750337715825589,0.8978788823262231,0.7291658899373687,0.6661175178473366
adult,3.18,rf,E1_smote,1,0.013628786931699803,0.1059636447611507,0.9001865336846778,0.7346267378786038,0.671448275862069
adult,3.18,rf,E1_smote,2,0.013502729507855152,0.107146422816741,0.8983457531710726,0.7317102812142685,0.6564843099139128
adult,3.18,rf,E1_smote,3,0.012513022461140982,0.1065336205220097,0.899204495011029,0.732755656366717,0.6600714482000549
adult,3.18,rf,E1_smote,4,0.015220652581572689,0.1078906043811032,0.8972512361881358,0.7273248650090458,0.6556016597510373
adult,3.18,rf,E1_smote,5,0.017102137767220915,0.10689054881860231,0.8984699944791181,0.7325527188033426,0.6613436123348018
adult,3.18,rf,E1_smote,6,0.011955661124307211,0.10630903515717241,0.8991947497529341,0.7357436805180542,0.6578220011055832
adult,3.18,rf,E1_smote,7,0.013674625994916015,0.10711255573613368,0.8982155445023435,0.7324792294116428,0.655457552370452
adult,3.18,rf,E1_smote,8,0.010519023211234728,0.10636352981622701,0.8989002454774704,0.7348334770832029,0.6559199555308505
adult,3.18,rf,E1_smote,9,0.012825561528524402,0.10574626515814477,0.9010782891963296,0.737445191428484,0.655457552370452
adult,3.18,rf,E1_ros,0,0.03688065174813518,0.1093709196288425,0.8988899421208943,0.7344136653745824,0.6685537828100875
adult,3.18,rf,E1_ros,1,0.0355825728216027,0.10734900022225,0.9023326799288038,0.7436332323484506,0.6759474091260634
adult,3.18,rf,E1_ros,2,0.03601908571904821,0.10886178480643414,0.8995373363590857,0.7334230795855382,0.6739130434782609
adult,3.18,rf,E1_ros,3,0.03672021502687835,0.10843399695795307,0.9003622059142984,0.7411968930737961,0.6676986584107327
adult,3.18,rf,E1_ros,4,0.03726924198858191,0.10997336472614631,0.8984635548812583,0.7288497686728374,0.6635873749037722
adult,3.18,rf,E1_ros,5,0.03573050798016418,0.10896892493506133,0.8998727535462865,0.7318848031735606,0.6720290607161391
adult,3.18,rf,E1_ros,6,0.035796141184314706,0.10872560458946258,0.8999292502848448,0.7378846151155022,0.6728923476005189
adult,3.18,rf,E1_ros,7,0.03676188690252949,0.10965039900820936,0.8983517205317562,0.7350380471075179,0.6725342997670205
adult,3.18,rf,E1_ros,8,0.03556486227445098,0.10844596894056202,0.9000584286179163,0.7368782873156045,0.6801661474558671
adult,3.18,rf,E1_ros,9,0.03645768221027628,0.10714050193774222,0.9027218462928093,0.7445827678191336,0.6774774774774774
adult,3.18,rf,E1_rus,0,0.13126953369171146,0.13362330881637982,0.8973461129299397,0.7187345377627877,0.6709893327755699
adult,3.18,rf,E1_rus,1,0.1315633204150519,0.13191675869205874,0.9006716071261449,0.7276169801797537,0.6722164412070759
adult,3.18,rf,E1_rus,2,0.13334166770846356,0.13414581336555959,0.8983406873540896,0.7231274928578347,0.6686180221618231
adult,3.18,rf,E1_rus,3,0.13135183564612243,0.1330451723132058,0.8982699376389343,0.7136052521768735,0.6754331037361719
adult,3.18,rf,E1_rus,4,0.13140600908446887,0.13182958633718103,0.9007706481412315,0.7278067212977068,0.6720969089390142
adult,3.18,rf,E1_rus,5,0.13196753760886776,0.13293580968454388,0.8994701069574274,0.7321025120724239,0.667360099854379
adult,3.18,rf,E1_rus,6,0.1333833395841147,0.1328864719201011,0.9005523028431255,0.7302537509156437,0.6724673710379118
adult,3.18,rf,E1_rus,7,0.13180814268450225,0.13365158492033727,0.897637783782345,0.7225473056808573,0.6693077564637198
adult,3.18,rf,E1_rus,8,0.1330166270783848,0.13385789543137336,0.8979748323343371,0.7231620163621013,0.6713810316139767
adult,3.18,rf,E1_rus,9,0.13146018252281538,0.13168007112000113,0.9007444175126152,0.730568877624409,0.6709597008724554
adult,3.18,rf,E2_cw,0,0.011384756427886816,0.10474538483977164,0.9011810651781751,0.745670865682102,0.657191586128482
adult,3.18,rf,E2_cw,1,0.00866045755719465,0.10293301419621896,0.9044111245340951,0.7559835652807154,0.6634396355353075
adult,3.18,rf,E2_cw,2,0.012408842772013172,0.10481635725298995,0.9014795190736595,0.7470600266884709,0.6549741230592294
adult,3.18,rf,E2_cw,3,0.012470308788598576,0.10403725812948841,0.9023648779181037,0.7517029181822816,0.6533637400228051
adult,3.18,rf,E2_cw,4,0.015582156102846188,0.10532537921406843,0.9004373345559984,0.746903706091079,0.6519023282226007
adult,3.18,rf,E2_cw,5,0.011142017752219022,0.10440736515675571,0.9009175139030916,0.7505631913591883,0.6576989124212936
adult,3.18,rf,E2_cw,6,0.010566945868233512,0.10368081600477837,0.9037820187538264,0.7538649078070842,0.6507617131359587
adult,3.18,rf,E2_cw,7,0.00966162436971287,0.10457421761053463,0.9013998397828052,0.7503819705887863,0.6562322140011383
adult,3.18,rf,E2_cw,8,0.010760720090011241,0.10428168972510453,0.9022875168824791,0.7490646451233325,0.6550243343830519
adult,3.18,rf,E2_cw,9,0.00899799974996875,0.10291493902015529,0.9036640453210312,0.7568049497107631,0.6630465847384968
adult,3.18,rf,E3_smote_platt,0,0.03869052983324641,0.111297904192622,0.8946344841324014,0.7166941054901879,0.6354017729482413
adult,3.18,rf,E3_smote_platt,1,0.02954381833340575,0.10939042647629163,0.8956373871031168,0.7266140599473949,0.6431692397320128
adult,3.18,rf,E3_smote_platt,2,0.041574325108590236,0.11147221293098242,0.8929230536744777,0.7180506049086568,0.6388809591778476
adult,3.18,rf,E3_smote_platt,3,0.03944512608387057,0.11105040980568176,0.8939314517686999,0.7196287507584201,0.6482057078270698
adult,3.18,rf,E3_smote_platt,4,0.03648869667934014,0.11015391924980356,0.896272846619941,0.718510421178052,0.6380510440835266
adult,3.18,rf,E3_smote_platt,5,0.029870898734603496,0.11071369331632827,0.8943905950961174,0.7163240210622546,0.6384704519119351
adult,3.18,rf,E3_smote_platt,6,0.03348371839649934,0.10889879262924886,0.8969650175285853,0.7276746907259432,0.6468877254217569
adult,3.18,rf,E3_smote_platt,7,0.03901228651684969,0.11178058799566493,0.8932499705925031,0.7261828294444577,0.6261222125687808
adult,3.18,rf,E3_smote_platt,8,0.03445048064187288,0.1094828608381209,0.8965996347460093,0.7286932859048212,0.6338893766461808
adult,3.18,rf,E3_smote_platt,9,0.032821500852696715,0.11043221802767976,0.8958192842773354,0.7213315437689678,0.6411815812337098
adult,3.18,rf,E3_smote_iso,0,0.011147785316999632,0.109919308058555,0.8925515747392608,0.7085268275786214,0.6216374269005848
adult,3.18,rf,E3_smote_iso,1,0.0063301718379062035,0.10849146513519846,0.8944412961966018,0.7169366292749162,0.624057883629786
adult,3.18,rf,E3_smote_iso,2,0.01665146216989861,0.11078607568769416,0.8901142728105582,0.7122012230175614,0.6538249862410567
adult,3.18,rf,E3_smote_iso,3,0.013165505100602168,0.109169727141476,0.8943006553793396,0.7136784186115089,0.6528636730303845
adult,3.18,rf,E3_smote_iso,4,0.01155899768324573,0.10868259463025876,0.895493569417577,0.7119744709575566,0.6343740881237234
adult,3.18,rf,E3_smote_iso,5,0.012735345680717595,0.1092992525399307,0.8933971797995826,0.7135568838576576,0.6290748898678414
adult,3.18,rf,E3_smote_iso,6,0.01244970551824035,0.10772274276469453,0.8957285718088144,0.7211422050805404,0.6486019025655808
adult,3.18,rf,E3_smote_iso,7,0.006406666339037037,0.1098221715384427,0.8921694919329011,0.7170239050215228,0.6203018644569399
adult,3.18,rf,E3_smote_iso,8,0.012404296922013981,0.10822893383708186,0.8952941136065269,0.7190708806111921,0.6449213161659514
adult,3.18,rf,E3_smote_iso,9,0.012625402930498578,0.10891761873190428,0.8949891771825301,0.7151446478647868,0.6433247936236834
adult,3.18,histgb,E0_none,0,0.03372152659715628,0.09721790266109603,0.9164972193816441,0.7988105493529211,0.6799775028121485
adult,3.18,histgb,E0_none,1,0.03545995322905244,0.09723255533812236,0.9161282304242664,0.7995589793445785,0.6861971830985916
adult,3.18,histgb,E0_none,2,0.036945006397390914,0.09763343685268548,0.9166309483638698,0.7998238806621298,0.6884604638167086
adult,3.18,histgb,E0_none,3,0.034050630359699116,0.09713178333765587,0.9162556915312419,0.8006630803592164,0.6828032648466085
adult,3.18,histgb,E0_none,4,0.0316079124769773,0.09704027806227124,0.9163487651856451,0.8005614975499933,0.6813063063063063
adult,3.18,histgb,E0_none,5,0.037592823122471836,0.098460192480027,0.9137815980334328,0.7954921797591087,0.6769662921348315
adult,3.18,histgb,E0_none,6,0.03252490302872115,0.09577491234739637,0.9179942112308304,0.8042026540570247,0.6922209695603156
adult,3.18,histgb,E0_none,7,0.03509044505741719,0.09644668181286432,0.9167578084417118,0.8020496765805387,0.6867435969603152
adult,3.18,histgb,E0_none,8,0.035172161057483796,0.09777414369008047,0.915484785806096,0.7968545510637403,0.6789458770189856
adult,3.18,histgb,E0_none,9,0.03301743736904999,0.09640522611509533,0.9172268687498337,0.8024128382621715,0.6871476888387824
adult,3.18,histgb,E1_smote,0,0.033469671163770934,0.09974835549619682,0.9121328463280126,0.7891503395945054,0.6761426978818283
adult,3.18,histgb,E1_smote,1,0.0350233112940955,0.10036548743448498,0.9112844078446323,0.7876057325512444,0.6729647124201167
adult,3.18,histgb,E1_smote,2,0.03791993160929747,0.10028781376672292,0.912508360744555,0.7885838295432286,0.6794764689501531
adult,3.18,histgb,E1_smote,3,0.03521912606522355,0.09932914979148323,0.9125610795857021,0.7909814522722741,0.6825484764542936
adult,3.18,histgb,E1_smote,4,0.032574931658941916,0.0995688827020531,0.9130616939233379,0.7891838495416388,0.68285873813512
adult,3.18,histgb,E1_smote,5,0.033412576560310346,0.0987520269294032,0.9133589886912075,0.7926534000267499,0.679622431982232
adult,3.18,histgb,E1_smote,6,0.03243226464115768,0.09847331238869343,0.9142759015651657,0.7960706069530905,0.6831710709318498
adult,3.18,histgb,E1_smote,7,0.03185834576132705,0.09794986281457022,0.9137925453497947,0.796180818582324,0.6834592779177162
adult,3.18,histgb,E1_smote,8,0.035691109901383404,0.10014950720977038,0.9120371968344655,0.7883262984383584,0.6770775237032906
adult,3.18,histgb,E1_smote,9,0.030603521916739724,0.09816467890331396,0.9144779332153599,0.7942736156997131,0.6816143497757847
adult,3.18,histgb,E1_ros,0,0.062242341711898894,0.10658121230017956,0.9156109160628472,0.7982653552363994,0.7028798876141419
adult,3.18,histgb,E1_ros,1,0.06366581904233187,0.10798704829744915,0.9140014888350252,0.7956056927710926,0.7008749113265548
adult,3.18,histgb,E1_ros,2,0.06281402882223538,0.10740240659721735,0.9151002559525496,0.797286508188876,0.6959603118355776
adult,3.18,histgb,E1_ros,3,0.06369455849365094,0.1062231858501568,0.915605120424773,0.8001033904574781,0.7044972922062632
adult,3.18,histgb,E1_ros,4,0.061682953224536936,0.10644069145898526,0.916341681627999,0.8006366616587277,0.6963067513526229
adult,3.18,histgb,E1_ros,5,0.06153380342291534,0.10596085687405225,0.9165568500578276,0.7996089121579363,0.704712289841345
adult,3.18,histgb,E1_ros,6,0.06226725578004838,0.10628259397288423,0.9159851425598174,0.8009429641009882,0.706717123935667
adult,3.18,histgb,E1_ros,7,0.06419241722199676,0.10548716850762861,0.9166339105788855,0.8024936704622314,0.7053298896454567
adult,3.18,histgb,E1_ros,8,0.06345858981741195,0.10657601563961319,0.9162270138554389,0.7990585354576373,0.6996699669966997
adult,3.18,histgb,E1_ros,9,0.06303368457333977,0.10688624259695297,0.915534370709618,0.7990366476835274,0.7017873941674506
adult,3.18,histgb,E1_rus,0,0.11733538356918712,0.13474093965118503,0.9065805821224744,0.7726064875796587,0.6726777102117845
adult,3.18,histgb,E1_rus,1,0.11122853127527617,0.1328792722688325,0.9057733141347457,0.7737326356347515,0.6785335876244967
adult,3.18,histgb,E1_rus,2,0.11684963693606326,0.1347205030057786,0.9080123193800127,0.780931923541365,0.6784067085953879
adult,3.18,histgb,E1_rus,3,0.11134748606802111,0.13150148125885647,0.9087496104043296,0.7826615881941358,0.6770723476059903
adult,3.18,histgb,E1_rus,4,0.11101860167275501,0.13050526115358893,0.9096808191855369,0.7801409865059822,0.6833086524222551
adult,3.18,histgb,E1_rus,5,0.11260009345226457,0.13178446901694127,0.9084525302897218,0.7784530131146375,0.6828547297297297
adult,3.18,histgb,E1_rus,6,0.11609564169820591,0.13482035562987235,0.9071713078994978,0.779605063771883,0.6768778850188838
adult,3.18,histgb,E1_rus,7,0.11190712597674027,0.13424628557153018,0.904878896922645,0.7696074806321682,0.673871582962492
adult,3.18,histgb,E1_rus,8,0.11168224630340137,0.13513663150451324,0.9034502506720794,0.764026440848922,0.675818373812038
adult,3.18,histgb,E1_rus,9,0.1108996868362418,0.12995488829203103,0.9096282720669994,0.7829571673709622,0.6855691917054592
adult,3.18,histgb,E2_cw,0,0.0664917179558577,0.1072124280541918,0.9169801892211434,0.8006949615135894,0.7082179132040628
adult,3.18,histgb,E2_cw,1,0.06727271859783232,0.10840834035566108,0.9151455907214838,0.7983798353681804,0.7019342810533675
adult,3.18,histgb,E2_cw,2,0.06621427432556562,0.10732543916849116,0.9173782422301959,0.8014959342235046,0.702715247157113
adult,3.18,histgb,E2_cw,3,0.06862434013293615,0.10767272701783423,0.9165256824041852,0.8026403512552404,0.703996282527881
adult,3.18,histgb,E2_cw,4,0.06514375156076556,0.10712367756278895,0.9165767269498887,0.8022676770136642,0.70034924330617
adult,3.18,histgb,E2_cw,5,0.06776596752226512,0.10789334847060122,0.9149378492945204,0.7992136360299771,0.7032197853476435
adult,3.18,histgb,E2_cw,6,0.07019891700953994,0.10736510809983862,0.9166914805837538,0.8023404765216509,0.7061006726977499
adult,3.18,histgb,E2_cw,7,0.06731807754027516,0.10670726129356989,0.9170512823815177,0.8038167669290804,0.7054461181923523
adult,3.18,histgb,E2_cw,8,0.06844691792533233,0.10796790215796281,0.9154005129354349,0.795806851300606,0.7069444444444445
adult,3.18,histgb,E2_cw,9,0.06756007080842386,0.10738303244928384,0.915814106840656,0.8010711388327577,0.7056085641144985
adult,3.18,histgb,E3_smote_platt,0,0.01052515793574401,0.09907760118712808,0.9106325917492437,0.7828612456068003,0.6512445095168374
adult,3.18,histgb,E3_smote_platt,1,0.013660443108339063,0.10099128827132894,0.9071523754817892,0.7749485887362813,0.6527293844367015
adult,3.18,histgb,E3_smote_platt,2,0.013746195345022002,0.10089800566891174,0.9070142675730184,0.7778498739540305,0.6647597254004577
adult,3.18,histgb,E3_smote_platt,3,0.010810882476817836,0.10087630390773218,0.9068185467287273,0.7759411728259662,0.6536023054755044
adult,3.18,histgb,E3_smote_platt,4,0.01144253038405829,0.10065866964112065,0.9065685615398023,0.7772131478433715,0.6512445095168374
adult,3.18,histgb,E3_smote_platt,5,0.00859262923543375,0.09997022106495566,0.9075534336365098,0.7801346214918417,0.6558632881555686
adult,3.18,histgb,E3_smote_platt,6,0.010973038241123308,0.09949509794956475,0.9067198491588598,0.7844950190676904,0.6580188679245284
adult,3.18,histgb,E3_smote_platt,7,0.008395628644541044,0.1009573469463806,0.9054922042228307,0.7750525272605323,0.651698670605613
adult,3.18,histgb,E3_smote_platt,8,0.009074741949563512,0.10068360865816038,0.9055775932904541,0.7774112015989888,0.649643705463183
adult,3.18,histgb,E3_smote_platt,9,0.006323079485776664,0.10006320432513342,0.9073746703999163,0.7798507663065783,0.6526002971768202
adult,3.18,histgb,E3_smote_iso,0,0.009673633827960928,0.09971567653371001,0.909242883600405,0.7739157511283223,0.6707249584947427
adult,3.18,histgb,E3_smote_iso,1,0.012967187070763267,0.10185220127366718,0.9050282955929969,0.7673148972788063,0.644524236983842
adult,3.18,histgb,E3_smote_iso,2,0.011860943133088536,0.10218309442742737,0.9043380994943628,0.7665194984076378,0.6646102075154234
adult,3.18,histgb,E3_smote_iso,3,0.010237045630970044,0.1015008685063881,0.9050525084809504,0.76498003566084,0.6513921113689095
adult,3.18,histgb,E3_smote_iso,4,0.01314180797405673,0.10198615958314503,0.9033978323454991,0.7680537166400212,0.6368309646205019
adult,3.18,histgb,E3_smote_iso,5,0.0066092012091222676,0.10058634098205368,0.9053243883025993,0.7725376885561912,0.6421465179378957
adult,3.18,histgb,E3_smote_iso,6,0.01177950183587431,0.10046455587193111,0.9053946228499257,0.776409243420598,0.6520432692307693
adult,3.18,histgb,E3_smote_iso,7,0.008902800719102932,0.10188921678264536,0.9035943259415338,0.7648311088038495,0.6453921861019982
adult,3.18,histgb,E3_smote_iso,8,0.00810867534633891,0.10171049886404354,0.9030998936178433,0.7673737908410416,0.6380368098159509
adult,3.18,histgb,E3_smote_iso,9,0.010183311576870462,0.1007599306688914,0.9055547971140296,0.7661298465768007,0.6551105797967722
yeast_ml8,70.09,rf,E0_none,0,0.0023962212108674637,0.0138865041603457,0.689096788526573,0.04730215381492607,0.0
yeast_ml8,70.09,rf,E0_none,1,0.002027306578402981,0.013634383763159105,0.7821455900866432,0.061744917079283236,0.0
yeast_ml8,70.09,rf,E0_none,2,0.0023789822093504345,0.013954569484668779,0.724309446816914,0.03373153588562687,0.0
yeast_ml8,70.09,rf,E0_none,3,0.003016825265480622,0.014109806693329657,0.6935832243094469,0.028083519978505767,0.0
yeast_ml8,70.09,rf,E0_none,4,0.0023789822093504332,0.013851997425642441,0.7291723235664388,0.04120651225712681,0.0
yeast_ml8,70.09,rf,E0_none,5,0.002558267825127566,0.013622661242127522,0.8362728641603514,0.061884327879806814,0.0
yeast_ml8,70.09,rf,E0_none,6,0.002144531788718795,0.013758504574081735,0.7618362913776505,0.046495809159473,0.0
yeast_ml8,70.09,rf,E0_none,7,0.002420355812991313,0.013752470923550777,0.7158672953025105,0.04485983475193779,0.0
yeast_ml8,70.09,rf,E0_none,8,0.0020135153771893522,0.014116328782236936,0.7236985016415294,0.028167138813780513,0.0
yeast_ml8,70.09,rf,E0_none,9,0.002065232381740451,0.014089004964832438,0.7173113475352373,0.02955367804215295,0.0
yeast_ml8,70.09,rf,E1_smote,0,0.020883326437732726,0.014471538408495382,0.907216558465602,0.13052856295555318,0.05
yeast_ml8,70.09,rf,E1_smote,1,0.01916287408633292,0.014695904013239555,0.8893325269679839,0.11947535068122131,0.0
yeast_ml8,70.09,rf,E1_smote,2,0.02094193904289064,0.01491420723578357,0.8956271136234603,0.11320156651135867,0.046511627906976744
yeast_ml8,70.09,rf,E1_smote,3,0.02047648600193077,0.015209252746747575,0.8388956086001333,0.09569698681774157,0.047619047619047616
yeast_ml8,70.09,rf,E1_smote,4,0.022779616604606267,0.015339637061554728,0.8873515835205252,0.10298940133595796,0.0
yeast_ml8,70.09,rf,E1_smote,5,0.020073093366432218,0.014614306072725599,0.8719792155217102,0.12305187279388557,0.0
yeast_ml8,70.09,rf,E1_smote,6,0.01983174734519377,0.01563238403898313,0.8555268939300437,0.0768384602413141,0.0
yeast_ml8,70.09,rf,E1_smote,7,0.021462556888705006,0.015423705925619454,0.8877033398336255,0.09819713027549387,0.0
yeast_ml8,70.09,rf,E1_smote,8,0.02291063301613571,0.01410745069645566,0.9174977166695466,0.16122756486517195,0.05128205128205128
yeast_ml8,70.09,rf,E1_smote,9,0.021672872707212795,0.014187181078471934,0.8945409888672212,0.14102679263389417,0.0
yeast_ml8,70.09,rf,E1_ros,0,0.004237346572886496,0.013378413322300373,0.8498432524499518,0.10932455040219943,0.0
yeast_ml8,70.09,rf,E1_ros,1,0.004440766790787476,0.013546120075391901,0.8408456962306534,0.10599211653003614,0.0
yeast_ml8,70.09,rf,E1_ros,2,0.004333884981381877,0.01353287477589298,0.8672582755301028,0.10815702984822992,0.0
yeast_ml8,70.09,rf,E1_ros,3,0.0046683216108123005,0.013827805360180204,0.8378094838438941,0.10617806143531233,0.05714285714285714
yeast_ml8,70.09,rf,E1_ros,4,0.005213074058750517,0.013871994667402198,0.8699427316037619,0.09280157517956819,0.0
yeast_ml8,70.09,rf,E1_ros,5,0.005726796303958073,0.013275841263274031,0.8584396830490484,0.13780942537076957,0.05714285714285714
yeast_ml8,70.09,rf,E1_ros,6,0.005595779892428629,0.01447159587183377,0.8330021475648589,0.060411085944742364,0.0
yeast_ml8,70.09,rf,E1_ros,7,0.00479589022203834,0.013984766468992785,0.8262694083088543,0.07794493748755556,0.0
yeast_ml8,70.09,rf,E1_ros,8,0.004778651220521306,0.013270985611180066,0.8976389128878576,0.12467483581168368,0.0
yeast_ml8,70.09,rf,E1_ros,9,0.005395807474831056,0.013236191559784855,0.9013292685937153,0.12802946927685382,0.0
yeast_ml8,70.09,rf,E1_rus,0,0.39269411115708175,0.18389380200432126,0.8804460516896645,0.07542963597958265,0.09171597633136094
yeast_ml8,70.09,rf,E1_rus,1,0.37962005240656466,0.17383967153955776,0.8580200439386834,0.06993017679964282,0.0940032414910859
yeast_ml8,70.09,rf,E1_rus,2,0.385798510550269,0.18082853514457775,0.8717817382933031,0.07597363466216019,0.08836524300441827
yeast_ml8,70.09,rf,E1_rus,3,0.4015997793407806,0.19050872293476762,0.7971415171188072,0.04109205288211086,0.06301369863013699
yeast_ml8,70.09,rf,E1_rus,4,0.3998655357881671,0.1877690146186733,0.8267507590530967,0.06880861245651046,0.07142857142857142
yeast_ml8,70.09,rf,E1_rus,5,0.3803302992690665,0.1700349664414104,0.8886598701587224,0.09083370229831719,0.10152284263959391
yeast_ml8,70.09,rf,E1_rus,6,0.39671424631085367,0.18563183813726844,0.801072548196786,0.06039421472507725,0.08282208588957055
yeast_ml8,70.09,rf,E1_rus,7,0.39880016549441466,0.18873879464901394,0.8582175211670904,0.06264725849552827,0.08645533141210375
yeast_ml8,70.09,rf,E1_rus,8,0.3929871741828713,0.18243679032777088,0.8525894201574882,0.05286375026415995,0.08181818181818182
yeast_ml8,70.09,rf,E1_rus,9,0.399186319128396,0.1891328207603549,0.8919799560613166,0.07530990456183609,0.08635097493036212
yeast_ml8,70.09,rf,E2_cw,0,0.00414770376499793,0.013534828529398244,0.8270901730394213,0.06230936087015222,0.0
yeast_ml8,70.09,rf,E2_cw,1,0.0015411667356226733,0.013258200018388268,0.8112981659302412,0.09699881636626194,0.0
yeast_ml8,70.09,rf,E2_cw,2,0.0028754654530409587,0.013286328322530228,0.8558539655895929,0.09866017861225612,0.0
yeast_ml8,70.09,rf,E2_cw,3,0.0031926630809543505,0.01349015078379994,0.8465046530571942,0.06632589833276376,0.0
yeast_ml8,70.09,rf,E2_cw,4,0.001989380775065509,0.013229410885854824,0.8565883340327318,0.0959421178868084,0.0
yeast_ml8,70.09,rf,E2_cw,5,0.0018756033650530973,0.013040155380867008,0.8978363901162647,0.11483023800635261,0.0
yeast_ml8,70.09,rf,E2_cw,6,0.003523651910081369,0.013676561853537446,0.810748932388734,0.05459233616943373,0.0
yeast_ml8,70.09,rf,E2_cw,7,0.002413460212384499,0.013344711074334574,0.8592913035965539,0.08003113573028636,0.0
yeast_ml8,70.09,rf,E2_cw,8,0.002147979589022204,0.013297964648554223,0.861531435906297,0.08768066166917868,0.0
yeast_ml8,70.09,rf,E2_cw,9,0.002875465453040961,0.013324311589206085,0.866258547061292,0.08687784734574802,0.0
yeast_ml8,70.09,rf,E3_smote_platt,0,0.0020644498615166908,0.013983874173459565,0.8551134259830664,0.09057237166512591,0.0
yeast_ml8,70.09,rf,E3_smote_platt,1,0.005822565231281775,0.014602692030594592,0.825214139369554,0.0940134868046895,0.0
yeast_ml8,70.09,rf,E3_smote_platt,2,0.002146099365468794,0.013530521342520946,0.7966971933548912,0.12274005107776137,0.10526315789473684
yeast_ml8,70.09,rf,E3_smote_platt,3,0.0024934159910853662,0.013434778026007338,0.7186319765002098,0.08066551721539326,0.05714285714285714
yeast_ml8,70.09,rf,E3_smote_platt,4,0.007479805342634973,0.015219193116750422,0.8121744711312976,0.07108420364199139,0.0
yeast_ml8,70.09,rf,E3_smote_platt,5,0.0019736526627377204,0.013602043844298682,0.8349213793784404,0.12299057350446277,0.0
yeast_ml8,70.09,rf,E3_smote_platt,6,0.003251528242237957,0.0142575588422779,0.7742526721137468,0.07584759401434153,0.0
yeast_ml8,70.09,rf,E3_smote_platt,7,0.0024841532635815084,0.014162610667451768,0.8298116560934068,0.10470370264023325,0.0975609756097561
yeast_ml8,70.09,rf,E3_smote_platt,8,0.0042426184313103035,0.0139984892154038,0.835353360815581,0.11023060332654311,0.0
yeast_ml8,70.09,rf,E3_smote_platt,9,0.002094727853809285,0.013992883750609881,0.8940904939399176,0.1007125230902605,0.0
yeast_ml8,70.09,rf,E3_smote_iso,0,0.0031336562273002384,0.013818864588117449,0.8530460862481796,0.07560343866527139,0.0
yeast_ml8,70.09,rf,E3_smote_iso,1,0.006773217995352926,0.01359164810689256,0.8026029967169411,0.07298573349595074,0.0
yeast_ml8,70.09,rf,E3_smote_iso,2,0.0049147022120699406,0.013428729506614404,0.8443694305250427,0.10539005479180535,0.10810810810810811
yeast_ml8,70.09,rf,E3_smote_iso,3,0.0062147272375794585,0.013848617655337032,0.8509355483695786,0.06411405876240883,0.0
yeast_ml8,70.09,rf,E3_smote_iso,4,0.012206107383340834,0.01727620436905316,0.8367850707215323,0.05908558734152746,0.0
yeast_ml8,70.09,rf,E3_smote_iso,5,0.004507161015350079,0.014816289896863752,0.8278121991557847,0.09210583882902673,0.0
yeast_ml8,70.09,rf,E3_smote_iso,6,0.003565607406583048,0.014199784165061213,0.8282256671027621,0.07302108270807861,0.0
yeast_ml8,70.09,rf,E3_smote_iso,7,0.004447263605513718,0.014074544821756723,0.8249919774875958,0.10133346070303087,0.09302325581395349
yeast_ml8,70.09,rf,E3_smote_iso,8,0.00581273781223096,0.014096126183053321,0.8073918195058132,0.09400471148721945,0.0
yeast_ml8,70.09,rf,E3_smote_iso,9,0.007033330252096806,0.013603021091993722,0.8902335168225913,0.10295941665610497,0.0975609756097561
yeast_ml8,70.09,histgb,E0_none,0,0.013961218437826226,0.014061812978042746,0.855187479943719,0.08352540531409762,0.0
yeast_ml8,70.09,histgb,E0_none,1,0.014328019304673773,0.014174498538338345,0.8549036064278838,0.06406421763134626,0.0
yeast_ml8,70.09,histgb,E0_none,2,0.014377641729774772,0.014231349709546726,0.841141912073264,0.08544221401947885,0.0
yeast_ml8,70.09,histgb,E0_none,3,0.013980991513207112,0.014044933122595,0.8802670879514206,0.09517993102289685,0.0
yeast_ml8,70.09,histgb,E0_none,4,0.014643419067195204,0.014398659624616667,0.8604082841697317,0.07349896393627513,0.0
yeast_ml8,70.09,histgb,E0_none,5,0.013792503793611598,0.01374341870075553,0.8658018809706006,0.12966321868173766,0.0
yeast_ml8,70.09,histgb,E0_none,6,0.0143507496778154,0.014458121829510655,0.819468786255585,0.05163682218492931,0.0
yeast_ml8,70.09,histgb,E0_none,7,0.01454935302981776,0.01441631823546792,0.8860186122287774,0.07716546350083188,0.0
yeast_ml8,70.09,histgb,E0_none,8,0.014516321918428061,0.014261327929407163,0.865172422305053,0.06984127680985103,0.0
yeast_ml8,70.09,histgb,E0_none,9,0.014575690176883802,0.014381891979870836,0.8876724840166869,0.08147324470606425,0.0
yeast_ml8,70.09,histgb,E1_smote,0,0.014932517574892749,0.015114019881428385,0.8912517587815655,0.12550465374529846,0.09090909090909091
yeast_ml8,70.09,histgb,E1_smote,1,0.016547033857118462,0.01643007500524573,0.8834020389523833,0.12430568318445791,0.12244897959183673
yeast_ml8,70.09,histgb,E1_smote,2,0.016217351873455674,0.016497183792890478,0.9066920095776455,0.09639264044380037,0.045454545454545456
yeast_ml8,70.09,histgb,E1_smote,3,0.01706346089761938,0.015892467053157958,0.8726148453506455,0.12183566928138866,0.13043478260869565
yeast_ml8,70.09,histgb,E1_smote,4,0.017662418197281593,0.017429699504504986,0.8720100713386487,0.097848827538006,0.07692307692307693
yeast_ml8,70.09,histgb,E1_smote,5,0.014448386179562185,0.015519381695302707,0.8869566290637111,0.13439158653146507,0.047619047619047616
yeast_ml8,70.09,histgb,E1_smote,6,0.017303147397279974,0.016358898171866854,0.8763298857100541,0.07090604453205437,0.046511627906976744
yeast_ml8,70.09,histgb,E1_smote,7,0.01790317366967145,0.016810135646347014,0.8925847300733134,0.09814302053294674,0.0851063829787234
yeast_ml8,70.09,histgb,E1_smote,8,0.01622960681351293,0.016044397198115554,0.8966947248895362,0.13033851443055305,0.08888888888888889
yeast_ml8,70.09,histgb,E1_smote,9,0.01766290745932766,0.017025142760867848,0.8864629359926934,0.10626537797437773,0.08333333333333333
yeast_ml8,70.09,histgb,E1_ros,0,0.014163934280755812,0.014102072639189238,0.8500037026980326,0.10371932428553969,0.0
yeast_ml8,70.09,histgb,E1_ros,1,0.014699786703346113,0.014610898968757549,0.8506208190368048,0.0802075152200204,0.0
yeast_ml8,70.09,histgb,E1_ros,2,0.015219353458988127,0.014963921555190269,0.8666164745377799,0.10164864104041887,0.0
yeast_ml8,70.09,histgb,E1_ros,3,0.014237081211449383,0.014307546476472826,0.8483128039297968,0.10265935557929316,0.0
yeast_ml8,70.09,histgb,E1_ros,4,0.015154294905390477,0.014663160623997192,0.8883883389696625,0.08470852570776803,0.0
yeast_ml8,70.09,histgb,E1_ros,5,0.01389511978922842,0.014039275186338325,0.8643578287378737,0.10959246629964166,0.0
yeast_ml8,70.09,histgb,E1_ros,6,0.015030622255533668,0.014929112383275855,0.8527190145886303,0.06130027033694818,0.0
yeast_ml8,70.09,histgb,E1_ros,7,0.015578110582321246,0.015082711943883472,0.8835254622201377,0.09054744536536705,0.0
yeast_ml8,70.09,histgb,E1_ros,8,0.014025418830469816,0.01407845171962173,0.8793167287897115,0.08597165353523066,0.05555555555555555
yeast_ml8,70.09,histgb,E1_ros,9,0.01442033610525244,0.014528038430587694,0.8913381550689936,0.1062025679166093,0.05263157894736842
yeast_ml8,70.09,histgb,E1_rus,0,0.34099787310148644,0.2575595117338668,0.7970427785046037,0.03614011042267203,0.06488991888760139
yeast_ml8,70.09,histgb,E1_rus,1,0.41257088981826273,0.2983843676696791,0.6220779541359137,0.026283238937020885,0.03418803418803419
yeast_ml8,70.09,histgb,E1_rus,2,0.3801742736969309,0.2987705585580129,0.7208412529930143,0.049701519692220045,0.049029622063329927
yeast_ml8,70.09,histgb,E1_rus,3,0.3898624312898386,0.28390185266522705,0.7078632963886352,0.030430530178560428,0.04365079365079365
yeast_ml8,70.09,histgb,E1_rus,4,0.3985744948989346,0.2951958709056942,0.6902816518970156,0.03700798386827565,0.041015625
yeast_ml8,70.09,histgb,E1_rus,5,0.4266708880230936,0.28829711509884176,0.6478734170965911,0.02191419889104526,0.039473684210526314
yeast_ml8,70.09,histgb,E1_rus,6,0.4579250603811171,0.3230352488602831,0.5456912937226926,0.015239732342825605,0.029462738301559793
yeast_ml8,70.09,histgb,E1_rus,7,0.37042021832499605,0.2782524263361011,0.7782083878452766,0.07093226168184888,0.04665959703075292
yeast_ml8,70.09,histgb,E1_rus,8,0.41966821122887543,0.2954384896120995,0.6272247044012738,0.026647989196925875,0.032692307692307694
yeast_ml8,70.09,histgb,E1_rus,9,0.36986138011545944,0.26872449814068644,0.753375626373084,0.04003651384210818,0.05627705627705628
yeast_ml8,70.09,histgb,E2_cw,0,0.013838475134188625,0.01409807701338199,0.8278121991557849,0.09839040785740936,0.0
yeast_ml8,70.09,histgb,E2_cw,1,0.014468673453691351,0.014489263896699332,0.8467083014489891,0.07585482754255284,0.0
yeast_ml8,70.09,histgb,E2_cw,2,0.014830051080948793,0.01463467438220459,0.8413270469748957,0.09707780255691284,0.0
yeast_ml8,70.09,histgb,E2_cw,3,0.014353816133591248,0.014236651771327359,0.824701932808373,0.09520415649615063,0.05405405405405406
yeast_ml8,70.09,histgb,E2_cw,4,0.01491480147986856,0.014700925413129113,0.8637530547258769,0.07942879949114427,0.0
yeast_ml8,70.09,histgb,E2_cw,5,0.014154718745240156,0.014152546528793728,0.8636049468045716,0.11732654633431608,0.0
yeast_ml8,70.09,histgb,E2_cw,6,0.014615018160130961,0.014631036516965333,0.8258621115252647,0.05351804046742189,0.0
yeast_ml8,70.09,histgb,E2_cw,7,0.014771726594945626,0.014709697535017172,0.9007430080718817,0.08987293212065907,0.0
yeast_ml8,70.09,histgb,E2_cw,8,0.014428508275433244,0.01436740181464737,0.859667744563205,0.0852447102020638,0.0
yeast_ml8,70.09,histgb,E2_cw,9,0.01445712447674499,0.0144759342939382,0.8879193305521957,0.10201767222195297,0.0
yeast_ml8,70.09,histgb,E3_smote_platt,0,0.0038103974262048406,0.014092123257152879,0.8413393893016711,0.06619940946006186,0.0
yeast_ml8,70.09,histgb,E3_smote_platt,1,0.0068256796258842145,0.014459518808477616,0.8341191281380366,0.06873612441279085,0.0
yeast_ml8,70.09,histgb,E3_smote_platt,2,0.0028613912743955137,0.013609702834503285,0.8139270815334106,0.09601754243212243,0.0
yeast_ml8,70.09,histgb,E3_smote_platt,3,0.002392163338996504,0.013896716896359173,0.7589420157488089,0.054805401596626724,0.0
yeast_ml8,70.09,histgb,E3_smote_platt,4,0.005384606166773605,0.014284468246273498,0.8703932265310657,0.0925452476419342,0.0
yeast_ml8,70.09,histgb,E3_smote_platt,5,0.002836087516270063,0.01357161435511906,0.804756732739256,0.10802726215651803,0.0
yeast_ml8,70.09,histgb,E3_smote_platt,6,0.003175457948824008,0.014456049540425559,0.8075707832440572,0.055720496099174344,0.0
yeast_ml8,70.09,histgb,E3_smote_platt,7,0.0037917611320114233,0.013917538046498881,0.8535829774629113,0.09460017341288908,0.05405405405405406
yeast_ml8,70.09,histgb,E3_smote_platt,8,0.004942876772115426,0.01389762454573806,0.8456098343659747,0.09114582199646436,0.0
yeast_ml8,70.09,histgb,E3_smote_platt,9,0.0033242960891791606,0.01433042197472054,0.8659253042383549,0.07417744330854244,0.0
yeast_ml8,70.09,histgb,E3_smote_iso,0,0.0023590347064286737,0.013812953597662365,0.8189874355113426,0.05191630547484797,0.0
yeast_ml8,70.09,histgb,E3_smote_iso,1,0.009171265807372077,0.014746260962992488,0.8079040260669942,0.05970664286314233,0.0
yeast_ml8,70.09,histgb,E3_smote_iso,2,0.002429209984523491,0.013785751721919615,0.8439744760682285,0.0736142943495057,0.0
yeast_ml8,70.09,histgb,E3_smote_iso,3,0.005386029370320542,0.01391555626694032,0.8446039347337759,0.06958509579461054,0.0
yeast_ml8,70.09,histgb,E3_smote_iso,4,0.00791912526739281,0.013968768790950853,0.8270346325689318,0.0782878752398371,0.0
yeast_ml8,70.09,histgb,E3_smote_iso,5,0.004198197213426504,0.014596810675995537,0.8335081829626521,0.07287324530619721,0.05
yeast_ml8,70.09,histgb,E3_smote_iso,6,0.004123851161005568,0.013995326723730037,0.8242329243909061,0.05235691008460674,0.0
yeast_ml8,70.09,histgb,E3_smote_iso,7,0.0029879055156484414,0.013685241740925991,0.8674063834514083,0.08846979610002591,0.05128205128205128
yeast_ml8,70.09,histgb,E3_smote_iso,8,0.009455585924391762,0.01696861334391971,0.814587396015897,0.05675916402455165,0.0
yeast_ml8,70.09,histgb,E3_smote_iso,9,0.006458189399072878,0.014525967191271562,0.8558477944262052,0.06548082557328115,0.0
