dataset,ir,rho,seed,ece,brier,auc,pr_auc,f1
pima,1.87,0.0,0,0.18411784162070388,0.21627971640963328,0.7856119402985074,0.6402452030302137,0.6027397260273972
pima,1.87,0.0,1,0.19265157561066543,0.2181006300889461,0.789582089552239,0.6305266204391098,0.581888246628131
pima,1.87,0.0,2,0.19365129177621015,0.22033579768964184,0.7852910447761193,0.6437463330085597,0.5962264150943396
pima,1.87,0.0,3,0.17698570400370345,0.21461575090748886,0.789134328358209,0.6353364460769427,0.6212121212121212
pima,1.87,0.0,4,0.18123574739514509,0.2097975804656768,0.7996119402985077,0.6509889407663072,0.6153846153846154
pima,1.87,0.0,5,0.18275574173109294,0.21133079277195824,0.7890671641791046,0.6327209275505358,0.6127167630057804
pima,1.87,0.0,6,0.18286101977464636,0.21544804419696784,0.7919850746268656,0.6325914281400218,0.6026871401151631
pima,1.87,0.0,7,0.17979918692959934,0.21054114267731858,0.7878059701492538,0.6351824061376783,0.6097087378640776
pima,1.87,0.0,8,0.17996460747538523,0.2142438268366064,0.7894328358208955,0.618791905977157,0.6174757281553398
pima,1.87,0.0,9,0.19670135497437097,0.22748571202589932,0.7739253731343284,0.6125965177116548,0.6022727272727273
pima,1.87,0.25,0,0.17456395947160075,0.21060260203227213,0.7959402985074627,0.6480324465052656,0.6162790697674418
pima,1.87,0.25,1,0.18961346994801886,0.22290956451566016,0.7882686567164179,0.628073391666795,0.6052631578947368
pima,1.87,0.25,2,0.19826472922880298,0.21891161442078833,0.7909253731343284,0.653194671259099,0.5962264150943396
pima,1.87,0.25,3,0.18744530636904788,0.21891321297748398,0.7904328358208956,0.6336938249195452,0.6259259259259259
pima,1.87,0.25,4,0.17826474988538327,0.20858423699128867,0.8038283582089552,0.6590989837640882,0.6299810246679317
pima,1.87,0.25,5,0.19408762639080757,0.22165568725387255,0.7856492537313433,0.6361385889540828,0.6156648451730419
pima,1.87,0.25,6,0.18205642576815062,0.21744479914680112,0.7900373134328359,0.6292316280466465,0.6041275797373359
pima,1.87,0.25,7,0.18598728746197504,0.213125239634647,0.7893283582089552,0.643110124730969,0.6049149338374291
pima,1.87,0.25,8,0.17732399046053626,0.20736263630523646,0.7997014925373136,0.6422609284293621,0.6118546845124283
pima,1.87,0.25,9,0.19728568614319902,0.2300100348068003,0.7731044776119402,0.6002036532980548,0.5973534971644613
pima,1.87,0.5,0,0.1760473482614287,0.21332033822777308,0.7937910447761195,0.6380862912301334,0.6355140186915887
pima,1.87,0.5,1,0.19767001774204412,0.22230808470873145,0.7931268656716419,0.6446872456106213,0.6162361623616236
pima,1.87,0.5,2,0.20273380751541026,0.22196453743837088,0.7930820895522388,0.6568892816898603,0.6176470588235294
pima,1.87,0.5,3,0.19215391881848906,0.21648611862593617,0.7902014925373135,0.6331500701331212,0.6077348066298343
pima,1.87,0.5,4,0.17835457224993362,0.20794588955844406,0.8041567164179104,0.6552449382185801,0.6445672191528545
pima,1.87,0.5,5,0.18500615261773268,0.21463866462064596,0.7975597014925373,0.6402118619459569,0.6284658040665434
pima,1.87,0.5,6,0.19226018907425702,0.21979458684963618,0.7913283582089552,0.6335594483777521,0.633147113594041
pima,1.87,0.5,7,0.18518705515652123,0.21495428241135614,0.7946567164179106,0.6430526570023786,0.6148148148148148
pima,1.87,0.5,8,0.1899221730450775,0.21781835016276432,0.7917089552238806,0.6293892019296629,0.6196660482374768
pima,1.87,0.5,9,0.20615854060537303,0.22983669853843933,0.7768358208955224,0.6219457698179103,0.602996254681648
pima,1.87,0.75,0,0.1806203076178176,0.2132827529045358,0.7935820895522389,0.637244263103241,0.630188679245283
pima,1.87,0.75,1,0.19468115268258646,0.22183018652128453,0.7924850746268658,0.6342933702191781,0.6292947558770343
pima,1.87,0.75,2,0.19943698227385023,0.22144557230765538,0.7971492537313434,0.6688611174521298,0.6122448979591837
pima,1.87,0.75,3,0.18923849383187885,0.2208125897860019,0.7871417910447761,0.6366403517465249,0.6247689463955638
pima,1.87,0.75,4,0.181638059524442,0.21212264548844542,0.8022835820895523,0.6493147095604667,0.6484517304189436
pima,1.87,0.75,5,0.19183993990293474,0.2194146000460914,0.7917611940298508,0.635416948893423,0.6265938069216758
pima,1.87,0.75,6,0.20631414265025505,0.2274767213685572,0.7903880597014925,0.6349383766586852,0.5927272727272728
pima,1.87,0.75,7,0.18238286339039755,0.21092808064811383,0.7976567164179105,0.6594133731031637,0.6219739292364991
pima,1.87,0.75,8,0.1741213340561973,0.2069465535655958,0.8037238805970149,0.6481308408194306,0.6319702602230484
pima,1.87,0.75,9,0.20880391673395696,0.23191274982735052,0.7779328358208956,0.6125116637586118,0.5947955390334573
pima,1.87,1.0,0,0.19595916267727148,0.21997874475677656,0.7984552238805971,0.6425237536029714,0.6335174953959485
pima,1.87,1.0,1,0.18969214105591492,0.22195431190188175,0.7976791044776119,0.6433884951027709,0.6342342342342342
pima,1.87,1.0,2,0.1990465554140019,0.2173295027661352,0.8027313432835821,0.6772066165093203,0.625
pima,1.87,1.0,3,0.1845359262114708,0.2178246963990832,0.7887835820895522,0.6365570124519556,0.6372007366482505
pima,1.87,1.0,4,0.1904495886805037,0.21688456616995824,0.7982985074626866,0.6393143622951316,0.6376811594202898
pima,1.87,1.0,5,0.19708013834684185,0.2218772516137509,0.7916194029850746,0.6275806739609207,0.6357142857142857
pima,1.87,1.0,6,0.2067707067571793,0.22995831293127952,0.7884626865671642,0.6348347650481865,0.6101083032490975
pima,1.87,1.0,7,0.18363374694070356,0.21023649045417803,0.7982014925373134,0.6576777627945388,0.631768953068592
pima,1.87,1.0,8,0.19109534920724736,0.22065560482677013,0.7968358208955224,0.6385197534416831,0.6279491833030852
pima,1.87,1.0,9,0.21934185224259567,0.24088604219935408,0.7760746268656716,0.6268267049016837,0.6079136690647482
credit_g,2.33,0.0,0,0.149320725808332,0.19278738931187725,0.7719761904761905,0.5968656336851973,0.5559701492537313
credit_g,2.33,0.0,1,0.1562560678574596,0.19374285819675047,0.7702428571428571,0.6209529756238705,0.5301645338208409
credit_g,2.33,0.0,2,0.1636022729567442,0.20060545070483418,0.7638095238095238,0.5945238742370227,0.5274336283185841
credit_g,2.33,0.0,3,0.1519444480777604,0.19648151076604217,0.7673476190476191,0.6070836463369822,0.5315985130111525
credit_g,2.33,0.0,4,0.16462952178044307,0.19884532574573638,0.7673285714285715,0.5940391455840073,0.5263157894736842
credit_g,2.33,0.0,5,0.13848508289436318,0.18397887610251906,0.7734714285714285,0.641032350769568,0.5423728813559322
credit_g,2.33,0.0,6,0.14976840729252353,0.19045006834991746,0.776495238095238,0.6087151561382023,0.5215759849906192
credit_g,2.33,0.0,7,0.1357481253321896,0.18841793333463897,0.7737666666666667,0.6221401700616189,0.5637342908438061
credit_g,2.33,0.0,8,0.14810915806195782,0.19111077119748188,0.7792952380952382,0.6274722216205206,0.5601436265709157
credit_g,2.33,0.0,9,0.15415791287259922,0.19192302650508106,0.7700380952380953,0.629510457910787,0.5357798165137615
credit_g,2.33,0.25,0,0.16327980119083696,0.19536160779947453,0.7782904761904761,0.6081417131198329,0.5387453874538746
credit_g,2.33,0.25,1,0.15493536238058994,0.19650348811639098,0.7669761904761905,0.615173169257018,0.5357798165137615
credit_g,2.33,0.25,2,0.16368808160494797,0.19818430204976148,0.7729619047619047,0.6026611403665073,0.5739130434782609
credit_g,2.33,0.25,3,0.15908095301471192,0.19800670933626985,0.7685,0.612155858587024,0.5313653136531366
credit_g,2.33,0.25,4,0.16364444172033096,0.1981410906779501,0.7708904761904762,0.6093407502695256,0.5362318840579711
credit_g,2.33,0.25,5,0.13744384151250952,0.18542483674352322,0.7748619047619048,0.6443902796522508,0.556390977443609
credit_g,2.33,0.25,6,0.16197768973781354,0.19924681803030433,0.7719952380952381,0.6026912700677585,0.5092936802973977
credit_g,2.33,0.25,7,0.14391199908961216,0.19065090694177386,0.7703619047619048,0.6202469965401584,0.5634328358208955
credit_g,2.33,0.25,8,0.15639719134672841,0.1924819163440001,0.777947619047619,0.62566232533954,0.5632798573975044
credit_g,2.33,0.25,9,0.15798418856955374,0.19667323803103756,0.7629571428571429,0.6071436149485135,0.5447761194029851
credit_g,2.33,0.5,0,0.1649905267563471,0.19931166843167775,0.7697428571428572,0.5979943841746279,0.5284403669724771
credit_g,2.33,0.5,1,0.16224834891200515,0.19636508399376476,0.7680714285714286,0.6154547707914002,0.5355191256830601
credit_g,2.33,0.5,2,0.17315681442674175,0.2042252452706533,0.7697666666666665,0.6000147179896274,0.5298245614035088
credit_g,2.33,0.5,3,0.17163036720215719,0.2018892859242789,0.7635190476190477,0.6003178607801001,0.5274725274725275
credit_g,2.33,0.5,4,0.1611674345786442,0.20124673987755087,0.7641857142857144,0.5919231923919479,0.5374771480804388
credit_g,2.33,0.5,5,0.14632757301454352,0.1884448877549018,0.7724761904761904,0.6362245816083931,0.5485074626865671
credit_g,2.33,0.5,6,0.16829827824062815,0.19925165986501878,0.7712619047619047,0.6070868001044114,0.5373134328358209
credit_g,2.33,0.5,7,0.15003546293804376,0.19052760320185858,0.7720428571428571,0.6195033594189125,0.5545286506469501
credit_g,2.33,0.5,8,0.16087221337426094,0.1977747936256635,0.7746809523809522,0.6186714224436197,0.5480943738656987
credit_g,2.33,0.5,9,0.1635631463397584,0.19938545664662363,0.7610333333333333,0.6032765946920999,0.5285171102661597
credit_g,2.33,0.75,0,0.16727023407703073,0.2017489077892215,0.7683666666666666,0.5844570461854837,0.5321100917431193
credit_g,2.33,0.75,1,0.16133641838269078,0.19811291606773926,0.7643142857142857,0.6070699858945473,0.5353159851301115
credit_g,2.33,0.75,2,0.1615439190027423,0.20044367831685891,0.7695047619047619,0.6051580008628569,0.5628318584070796
credit_g,2.33,0.75,3,0.1712854823511945,0.2037007093782316,0.758252380952381,0.5958523392140608,0.5253623188405797
credit_g,2.33,0.75,4,0.17056563005660724,0.20172174243024063,0.7689904761904762,0.6059628767689665,0.5330882352941176
credit_g,2.33,0.75,5,0.15039206349100717,0.18783410986544344,0.7705904761904763,0.6384415896559095,0.551594746716698
credit_g,2.33,0.75,6,0.17034315319473128,0.19722958735655596,0.7746285714285714,0.6072945974572401,0.5157699443413729
credit_g,2.33,0.75,7,0.1539613335079882,0.19446077807252407,0.7677809523809523,0.614088639756226,0.5484460694698354
credit_g,2.33,0.75,8,0.15743523303958942,0.19527721802722706,0.7748857142857144,0.6160594499991646,0.5667870036101083
credit_g,2.33,0.75,9,0.1659922245619137,0.20183480646022944,0.7613619047619049,0.6111258562185774,0.5397412199630314
credit_g,2.33,1.0,0,0.16694582566143046,0.19848870192701215,0.7738095238095237,0.5973225867301877,0.5212569316081331
credit_g,2.33,1.0,1,0.15628882718475529,0.1958085985401869,0.7667190476190477,0.6142150597401996,0.5343228200371057
credit_g,2.33,1.0,2,0.1658334833760165,0.20162768441608925,0.7748809523809524,0.6074610592360561,0.5418894830659536
credit_g,2.33,1.0,3,0.16982199632842393,0.20178914286121294,0.761395238095238,0.599696757638347,0.5321428571428571
credit_g,2.33,1.0,4,0.17225535961759306,0.20239029699152666,0.7632857142857143,0.6008763136154109,0.521415270018622
credit_g,2.33,1.0,5,0.1394271199707665,0.18393749718004063,0.7776142857142858,0.63832217324495,0.5677179962894249
credit_g,2.33,1.0,6,0.1528359028436157,0.19510223040382682,0.7769523809523808,0.6201447588267397,0.5269016697588126
credit_g,2.33,1.0,7,0.1450914761467137,0.19300152824203884,0.770947619047619,0.620600361890948,0.5535055350553506
credit_g,2.33,1.0,8,0.16830329091152585,0.19932505847957738,0.7718952380952381,0.6132552494588676,0.5394495412844037
credit_g,2.33,1.0,9,0.17040294442029869,0.20506431175140796,0.756304761904762,0.5973845440312997,0.5094339622641509
phoneme,2.41,0.0,0,0.025798374253634057,0.07355057273424108,0.9577054861256529,0.9077082411890546,0.83008
phoneme,2.41,0.0,1,0.023537436683413467,0.07327900025282413,0.9574496791926741,0.9096604419131498,0.8282892640968461
phoneme,2.41,0.0,2,0.020159511781989305,0.07246672365845998,0.9577000363975778,0.907069991180135,0.8287714831317632
phoneme,2.41,0.0,3,0.023030620128239906,0.07451298363982768,0.9550032467167866,0.9057636734017221,0.8279397628965075
phoneme,2.41,0.0,4,0.0217068617009525,0.07320761064658225,0.9567871243733639,0.9040386706181242,0.8284250960307298
phoneme,2.41,0.0,5,0.020688301551556126,0.07097882679915475,0.9592360339983763,0.9085806772773318,0.8326947637292464
phoneme,2.41,0.0,6,0.02450192538786225,0.07281849156893803,0.9576280339296765,0.9064427573050219,0.8338099777565936
phoneme,2.41,0.0,7,0.022779637302567688,0.07498536674739595,0.9558743774924249,0.9007760471642042,0.8267766497461929
phoneme,2.41,0.0,8,0.01861833349902227,0.07214661752821974,0.9576911186607276,0.9071681867798729,0.8336005129849311
phoneme,2.41,0.0,9,0.02375887013023685,0.07197310842437239,0.9577746811578791,0.9055283091471359,0.8311605723370429
phoneme,2.41,0.25,0,0.026995736488582712,0.07316799964050143,0.9579520450352317,0.9065235452645897,0.8355140186915888
phoneme,2.41,0.25,1,0.024394664338346424,0.07256053470649254,0.9588089734892198,0.9116113153722611,0.8325031133250311
phoneme,2.41,0.25,2,0.02598508286612554,0.07312767179748865,0.9584306302461889,0.9092803054966668,0.8329177057356608
phoneme,2.41,0.25,3,0.026302431697204667,0.07482703695520403,0.9555693578634952,0.9069981848442752,0.8278228321896444
phoneme,2.41,0.25,4,0.024439691181465054,0.07383240522171959,0.9575687474939507,0.9048286828398129,0.8285175879396985
phoneme,2.41,0.25,5,0.02481826152730025,0.0719308083789218,0.9595119884109055,0.908874658436566,0.8332284455632474
phoneme,2.41,0.25,6,0.027292205264976215,0.07393653875122175,0.9564867287561343,0.9051334104402328,0.8345278903085073
phoneme,2.41,0.25,7,0.027374717884692267,0.07638395565269691,0.9555720001558954,0.8989406574748452,0.8277363184079602
phoneme,2.41,0.25,8,0.024256815971953068,0.07291661802062684,0.9575423245699504,0.9092804691290611,0.8332296204107031
phoneme,2.41,0.25,9,0.02097503883788625,0.07296902547088864,0.9578273618626048,0.9021089040089353,0.835
phoneme,2.41,0.5,0,0.031269479773782534,0.07575456409073172,0.9568518605371649,0.9044904042508857,0.8287901990811639
phoneme,2.41,0.5,1,0.02924620503514401,0.07452847094750444,0.9577487536637036,0.9087170509533647,0.8351851851851851
phoneme,2.41,0.5,2,0.02987914616785601,0.07363442551299176,0.9586387107726922,0.9078199417106788,0.8326680994780473
phoneme,2.41,0.5,3,0.0313926748311967,0.0768854570211274,0.9552816782784408,0.9029435123936705,0.826060233558697
phoneme,2.41,0.5,4,0.029404225514318608,0.07497025644322437,0.9571284755227942,0.9047281379554813,0.8329744693940326
phoneme,2.41,0.5,5,0.02639161461789189,0.07303126483125563,0.9587439070388687,0.9045398999638533,0.8357473035439137
phoneme,2.41,0.5,6,0.03253967100242459,0.07517503314268945,0.9564213320192333,0.9032801105916872,0.8333333333333334
phoneme,2.41,0.5,7,0.03478074532728271,0.0792154910880721,0.9545382032543794,0.8958437035309801,0.8164014687882497
phoneme,2.41,0.5,8,0.030603072339156004,0.07545121137876323,0.9555488800973948,0.9033924438802092,0.8329238329238329
phoneme,2.41,0.5,9,0.03183969055647654,0.07702717480932295,0.9553645802024922,0.9001164690237873,0.8258495145631068
phoneme,2.41,0.75,0,0.03467359571893008,0.07581279027420612,0.9583142042373121,0.9079364949824691,0.8290468986384266
phoneme,2.41,0.75,1,0.03259613472206397,0.07516977748118149,0.9590986347935744,0.9134329670190434,0.8294762484774665
phoneme,2.41,0.75,2,0.035952616460458095,0.07523349798192404,0.9578859877252306,0.9056726250602076,0.8332829046898639
phoneme,2.41,0.75,3,0.03809322665788507,0.07852028465236738,0.956015079562727,0.9058072952115394,0.8258646616541353
phoneme,2.41,0.75,4,0.03476024945940071,0.07713904278236845,0.956406964554308,0.9054656877706007,0.8264965056213917
phoneme,2.41,0.75,5,0.02954824978235293,0.07470584565178007,0.9589415835390469,0.9056875823652032,0.8327272727272728
phoneme,2.41,0.75,6,0.034977304717352185,0.07444926442643507,0.9585932963720665,0.9082102461255446,0.8380493678506924
phoneme,2.41,0.75,7,0.037083215144510906,0.07716036701637176,0.9569187435635407,0.9031701109794914,0.8303598427577865
phoneme,2.41,0.75,8,0.038317549446565125,0.07669331878418022,0.9569327807419161,0.905923198666427,0.8300633866586176
phoneme,2.41,0.75,9,0.03462831763948709,0.07741392246353203,0.956733122522438,0.9017491431327677,0.8265460030165912
phoneme,2.41,1.0,0,0.03943664569638359,0.07806194675411628,0.9570032969203421,0.9032074012971902,0.8273381294964028
phoneme,2.41,1.0,1,0.04053219969871795,0.0775970106453273,0.9573165737130219,0.90956828318339,0.8280216476247745
phoneme,2.41,1.0,2,0.03792173485361601,0.07662441720475646,0.9580174417721327,0.9068682629736328,0.8289315726290516
phoneme,2.41,1.0,3,0.04150273626030478,0.07928791625180379,0.9552185935473898,0.9057036828057958,0.8203898050974513
phoneme,2.41,1.0,4,0.03854075079840081,0.07783232297316091,0.9565917598790359,0.9038489390924628,0.8295896975142258
phoneme,2.41,1.0,5,0.03921266341580236,0.07827649291612195,0.9567598757329884,0.9020216859273796,0.8274415817855003
phoneme,2.41,1.0,6,0.041834776388853065,0.0771958874644237,0.9577829383216292,0.9058542012821369,0.8355714712026261
phoneme,2.41,1.0,7,0.03999358127527687,0.07958053410921376,0.9552489799099904,0.8941963273578697,0.8254252461951657
phoneme,2.41,1.0,8,0.040238463727172054,0.07630837076506784,0.9576359608068767,0.9076641980892969,0.8342342342342343
phoneme,2.41,1.0,9,0.03926034941347414,0.07878349795327495,0.956011446410677,0.8991548888540181,0.826722338204593
adult,3.18,0.0,0,0.03372152659715628,0.09721790266109603,0.9164972193816441,0.7988105493529211,0.6799775028121485
adult,3.18,0.0,1,0.03545995322905244,0.09723255533812236,0.9161282304242664,0.7995589793445785,0.6861971830985916
adult,3.18,0.0,2,0.036945006397390914,0.09763343685268548,0.9166309483638698,0.7998238806621298,0.6884604638167086
adult,3.18,0.0,3,0.034050630359699116,0.09713178333765587,0.9162556915312419,0.8006630803592164,0.6828032648466085
adult,3.18,0.0,4,0.0316079124769773,0.09704027806227124,0.9163487651856451,0.8005614975499933,0.6813063063063063
adult,3.18,0.0,5,0.037592823122471836,0.098460192480027,0.9137815980334328,0.7954921797591087,0.6769662921348315
adult,3.18,0.0,6,0.03252490302872115,0.09577491234739637,0.9179942112308304,0.8042026540570247,0.6922209695603156
adult,3.18,0.0,7,0.03509044505741719,0.09644668181286432,0.9167578084417118,0.8020496765805387,0.6867435969603152
adult,3.18,0.0,8,0.035172161057483796,0.09777414369008047,0.915484785806096,0.7968545510637403,0.6789458770189856
adult,3.18,0.0,9,0.03301743736904999,0.09640522611509533,0.9172268687498337,0.8024128382621715,0.6871476888387824
adult,3.18,0.25,0,0.031730161287277965,0.09644388015671983,0.9167593539451981,0.800813814654814,0.6877271456527817
adult,3.18,0.25,1,0.03507560714852368,0.09779128221578158,0.9158348852764175,0.7963272124863596,0.6857460405668241
adult,3.18,0.25,2,0.03613596636850208,0.09755014876705438,0.9162162811923388,0.7990686513932438,0.6861761426978819
adult,3.18,0.25,3,0.03232883403369005,0.09579585763777632,0.9173622720275031,0.8028545703227726,0.6932136848008974
adult,3.18,0.25,4,0.03499334664962306,0.09794696485099101,0.9154528454007105,0.7976859367235151,0.6813739179000279
adult,3.18,0.25,5,0.03350815800979048,0.09770470477870405,0.9152138933894522,0.7990547103464472,0.6817294281729428
adult,3.18,0.25,6,0.03398331275278817,0.09681933436396269,0.9164428262450532,0.8005063760026918,0.6872909698996655
adult,3.18,0.25,7,0.03172081821835958,0.09580845743799583,0.9173028989352339,0.804189100936891,0.6883773161145423
adult,3.18,0.25,8,0.03254650635856553,0.09729377974021158,0.9161375034451847,0.7976740161705659,0.6812939521800281
adult,3.18,0.25,9,0.03132565499755945,0.09668681938540427,0.9162011266720416,0.8007329330501842,0.6870443073471677
adult,3.18,0.5,0,0.03349521816211705,0.09837540477980188,0.914533013242389,0.7937602874004236,0.6801120448179272
adult,3.18,0.5,1,0.03741834807469907,0.10070603305699839,0.9112193249755938,0.7849878631845661,0.674457429048414
adult,3.18,0.5,2,0.03343707462945869,0.0986947275269721,0.9149400387577931,0.7925451876842148,0.6873270614277809
adult,3.18,0.5,3,0.03336044573370256,0.09821080560517384,0.9137825425077855,0.7947868327653741,0.6767761864644762
adult,3.18,0.5,4,0.03478993647709797,0.09956356173867527,0.9126317434395523,0.7907903949684107,0.6796984082658475
adult,3.18,0.5,5,0.03510745306536626,0.1002989721487719,0.9111325621270936,0.7891121644371332,0.6761824797089281
adult,3.18,0.5,6,0.03448026080597755,0.09878470689444277,0.9135396408765066,0.7946947291009023,0.6800334168755221
adult,3.18,0.5,7,0.033456716926567286,0.09753612562933019,0.9150681008939021,0.7956064513934339,0.6798771978788725
adult,3.18,0.5,8,0.032692326698545576,0.0995369434420619,0.9125925048232587,0.7896373417577678,0.6758272574312956
adult,3.18,0.5,9,0.03344054641685952,0.09857499133147637,0.9137534355254584,0.7940442977097364,0.6787023977433004
adult,3.18,0.75,0,0.032821772271307115,0.09902773276919974,0.9135449642774042,0.7897233589455085,0.6796875
adult,3.18,0.75,1,0.0371731844544987,0.10124804796796709,0.9114219147242694,0.7845438997290318,0.6722083679689664
adult,3.18,0.75,2,0.03451302975841917,0.09968868845628222,0.9130196218839859,0.790096115583564,0.6822742474916388
adult,3.18,0.75,3,0.03368662618621071,0.09952781139917453,0.9112039558020346,0.7894732840328245,0.6763311959855032
adult,3.18,0.75,4,0.03406924415115785,0.0991190113411464,0.9129507611175365,0.7916379338504709,0.674908682214105
adult,3.18,0.75,5,0.03445746441106127,0.10056762386896075,0.9105526119438226,0.7867816605915678,0.6757660167130919
adult,3.18,0.75,6,0.0309253460668103,0.09908716181604137,0.912321183100091,0.7911896963079744,0.6768973214285714
adult,3.18,0.75,7,0.037982649871726705,0.09987707418576046,0.9118683076479239,0.7890166811469738,0.6717214265655714
adult,3.18,0.75,8,0.0339989228930582,0.10007029738711815,0.9114098512109449,0.7891495293199637,0.6784412671712924
adult,3.18,0.75,9,0.03362206228551361,0.09937879388357074,0.9126604211153555,0.7918510795614828,0.6797532249018509
adult,3.18,1.0,0,0.033469671163770934,0.09974835549619682,0.9121328463280126,0.7891503395945054,0.6761426978818283
adult,3.18,1.0,1,0.0350233112940955,0.10036548743448498,0.9112844078446323,0.7876057325512444,0.6729647124201167
adult,3.18,1.0,2,0.03791993160929747,0.10028781376672292,0.912508360744555,0.7885838295432286,0.6794764689501531
adult,3.18,1.0,3,0.03521912606522355,0.09932914979148323,0.9125610795857021,0.7909814522722741,0.6825484764542936
adult,3.18,1.0,4,0.032574931658941916,0.0995688827020531,0.9130616939233379,0.7891838495416388,0.68285873813512
adult,3.18,1.0,5,0.033412576560310346,0.0987520269294032,0.9133589886912075,0.7926534000267499,0.679622431982232
adult,3.18,1.0,6,0.03243226464115768,0.09847331238869343,0.9142759015651657,0.7960706069530905,0.6831710709318498
adult,3.18,1.0,7,0.03185834576132705,0.09794986281457022,0.9137925453497947,0.796180818582324,0.6834592779177162
adult,3.18,1.0,8,0.035691109901383404,0.10014950720977038,0.9120371968344655,0.7883262984383584,0.6770775237032906
adult,3.18,1.0,9,0.030603521916739724,0.09816467890331396,0.9144779332153599,0.7942736156997131,0.6816143497757847
yeast_ml8,70.09,0.0,0,0.013961218437826226,0.014061812978042746,0.855187479943719,0.08352540531409762,0.0
yeast_ml8,70.09,0.0,1,0.014328019304673773,0.014174498538338345,0.8549036064278838,0.06406421763134626,0.0
yeast_ml8,70.09,0.0,2,0.014377641729774772,0.014231349709546726,0.841141912073264,0.08544221401947885,0.0
yeast_ml8,70.09,0.0,3,0.013980991513207112,0.014044933122595,0.8802670879514206,0.09517993102289685,0.0
yeast_ml8,70.09,0.0,4,0.014643419067195204,0.014398659624616667,0.8604082841697317,0.07349896393627513,0.0
yeast_ml8,70.09,0.0,5,0.013792503793611598,0.01374341870075553,0.8658018809706006,0.12966321868173766,0.0
yeast_ml8,70.09,0.0,6,0.0143507496778154,0.014458121829510655,0.819468786255585,0.05163682218492931,0.0
yeast_ml8,70.09,0.0,7,0.01454935302981776,0.01441631823546792,0.8860186122287774,0.07716546350083188,0.0
yeast_ml8,70.09,0.0,8,0.014516321918428061,0.014261327929407163,0.865172422305053,0.06984127680985103,0.0
yeast_ml8,70.09,0.0,9,0.014575690176883802,0.014381891979870836,0.8876724840166869,0.08147324470606425,0.0
yeast_ml8,70.09,0.25,0,0.015622902099637445,0.014879690293959264,0.8702451186097603,0.11959838993797853,0.0975609756097561
yeast_ml8,70.09,0.25,1,0.015891232217867073,0.015256127079619163,0.8641603515094666,0.12260309804725646,0.09090909090909091
yeast_ml8,70.09,0.25,2,0.015928752249405133,0.015846379170972445,0.8983362543506701,0.09529284115082919,0.04878048780487805
yeast_ml8,70.09,0.25,3,0.015130288020951562,0.015231841941363854,0.8585939621337415,0.10951660025004356,0.09302325581395349
yeast_ml8,70.09,0.25,4,0.01670496828313275,0.016028306672488113,0.8915603169509517,0.1032054276768386,0.045454545454545456
yeast_ml8,70.09,0.25,5,0.016287935722844413,0.01572998075858678,0.8866604132211003,0.12971496891754122,0.045454545454545456
yeast_ml8,70.09,0.25,6,0.01592764620899141,0.01565993821319058,0.8754042112018958,0.07492122651138504,0.04878048780487805
yeast_ml8,70.09,0.25,7,0.016700586535483918,0.01682357324883246,0.8817975364715755,0.086715856892124,0.044444444444444446
yeast_ml8,70.09,0.25,8,0.015932962130313904,0.015500427852769621,0.8702574609365357,0.10102531806078023,0.047619047619047616
yeast_ml8,70.09,0.25,9,0.015585395136235428,0.014948194946464653,0.8638517933400803,0.11237699028961645,0.09302325581395349
yeast_ml8,70.09,0.5,0,0.01494235235187945,0.01498952346667014,0.8910542815531584,0.12909858419294953,0.09090909090909091
yeast_ml8,70.09,0.5,1,0.016827116622468524,0.015827123088012023,0.8786625854706129,0.11924844931525563,0.044444444444444446
yeast_ml8,70.09,0.5,2,0.01603979494956593,0.0159379638475606,0.9023721952062402,0.10447091166625515,0.04878048780487805
yeast_ml8,70.09,0.5,3,0.015943095364349274,0.015629297773084635,0.855360272518575,0.11950177808289543,0.09302325581395349
yeast_ml8,70.09,0.5,4,0.018091136787685473,0.01705939388690405,0.88720347559922,0.08764073754491207,0.0425531914893617
yeast_ml8,70.09,0.5,5,0.014164826773572435,0.01441445406650021,0.8886105008516205,0.153133430094173,0.14634146341463414
yeast_ml8,70.09,0.5,6,0.01605532091159546,0.015486096090182599,0.8643208017575473,0.08248463834686158,0.05
yeast_ml8,70.09,0.5,7,0.017078403743310717,0.017175080945578614,0.893103107797882,0.09494474931819671,0.08333333333333333
yeast_ml8,70.09,0.5,8,0.015983615495811756,0.015522659688993839,0.8871541062921182,0.11320187674870646,0.09302325581395349
yeast_ml8,70.09,0.5,9,0.0174534802663396,0.016542500019132027,0.8752561032805906,0.10382519538040634,0.08695652173913043
yeast_ml8,70.09,0.75,0,0.014287540492767828,0.014849912544921899,0.8909555429389548,0.13482632723522442,0.13043478260869565
yeast_ml8,70.09,0.75,1,0.01739385329822163,0.016488899317514287,0.8643948557182,0.11877550018618563,0.04081632653061224
yeast_ml8,70.09,0.75,2,0.0171173346775918,0.01649911643086652,0.8980276961812841,0.1044748610347242,0.045454545454545456
yeast_ml8,70.09,0.75,3,0.01665122877776056,0.016031825222192365,0.8808965466169683,0.12351624508520953,0.08888888888888889
yeast_ml8,70.09,0.75,4,0.018568005768708252,0.018024752046394518,0.8887215817925995,0.09146360596687186,0.07692307692307693
yeast_ml8,70.09,0.75,5,0.014675920471925136,0.014727562398930165,0.8929796845301277,0.13645210267785612,0.0975609756097561
yeast_ml8,70.09,0.75,6,0.016035509069450078,0.015749751880265766,0.8638271086865295,0.07678013219998472,0.05
yeast_ml8,70.09,0.75,7,0.01725793786020853,0.017307323074187458,0.895435807558441,0.10286796385621404,0.08
yeast_ml8,70.09,0.75,8,0.015292965322606723,0.015361911607195832,0.8836612278146676,0.13530752023322387,0.09302325581395349
yeast_ml8,70.09,0.75,9,0.01644797265308099,0.016700329159428248,0.8943990521093037,0.11420183133062614,0.08695652173913043
yeast_ml8,70.09,1.0,0,0.014932517574892749,0.015114019881428385,0.8912517587815655,0.12550465374529846,0.09090909090909091
yeast_ml8,70.09,1.0,1,0.016547033857118462,0.01643007500524573,0.8834020389523833,0.12430568318445791,0.12244897959183673
yeast_ml8,70.09,1.0,2,0.016217351873455674,0.016497183792890478,0.9066920095776455,0.09639264044380037,0.045454545454545456
yeast_ml8,70.09,1.0,3,0.01706346089761938,0.015892467053157958,0.8726148453506455,0.12183566928138866,0.13043478260869565
yeast_ml8,70.09,1.0,4,0.017662418197281593,0.017429699504504986,0.8720100713386487,0.097848827538006,0.07692307692307693
yeast_ml8,70.09,1.0,5,0.014448386179562185,0.015519381695302707,0.8869566290637111,0.13439158653146507,0.047619047619047616
yeast_ml8,70.09,1.0,6,0.017303147397279974,0.016358898171866854,0.8763298857100541,0.07090604453205437,0.046511627906976744
yeast_ml8,70.09,1.0,7,0.01790317366967145,0.016810135646347014,0.8925847300733134,0.09814302053294674,0.0851063829787234
yeast_ml8,70.09,1.0,8,0.01622960681351293,0.016044397198115554,0.8966947248895362,0.13033851443055305,0.08888888888888889
yeast_ml8,70.09,1.0,9,0.01766290745932766,0.017025142760867848,0.8864629359926934,0.10626537797437773,0.08333333333333333
